file,characters_counted,all_text_length,nga_to_mon_nga_replacements,status
telegram_mot_tip_ebook/msg_20260122_173335_27.txt,75,85,0,ok
telegram_mot_tip_ebook/msg_20260427_213939_293.txt,8,10,1,ok
telegram_mot_tip_ebook/msg_20260122_173335_1136.txt,82,86,1,ok
telegram_mot_tip_ebook/msg_20260427_213939_57.txt,51,56,0,ok
telegram_mot_tip_ebook/msg_20260122_174045_1524.txt,15,19,0,ok
telegram_mot_tip_ebook/msg_20260122_174045_2697.txt,16,16,0,ok
telegram_mot_tip_ebook/msg_20260122_173046_176.txt,124,139,0,ok
telegram_mot_tip_ebook/msg_20260427_213939_403.txt,19,19,1,ok
telegram_mot_tip_ebook/msg_20260427_213939_314.txt,19,21,0,ok
telegram_mot_tip_ebook/msg_20260427_213939_484.txt,92,99,2,ok
telegram_mot_tip_ebook/msg_20260122_173335_601.txt,87,99,2,ok
telegram_mot_tip_ebook/msg_20260122_174045_2100.txt,39,42,0,ok
telegram_mot_tip_ebook/msg_20260122_174338_1799.txt,0,8,0,ok
telegram_mot_tip_ebook/msg_20260122_174045_1518.txt,14,19,1,ok
telegram_mot_tip_ebook/msg_20260122_173335_17.txt,54,56,1,ok
telegram_mot_tip_ebook/msg_20260122_174045_1130.txt,0,13,0,ok
telegram_mot_tip_ebook/msg_20260122_174045_2489.txt,13,14,0,ok
telegram_mot_tip_ebook/msg_20260122_174045_45.txt,12,13,0,ok
telegram_mot_tip_ebook/msg_20260122_173335_2471.txt,59,61,0,ok
telegram_mot_tip_ebook/msg_20260427_213939_401.txt,13,13,0,ok
telegram_mot_tip_ebook/msg_20260122_173046_109.txt,214,255,0,ok
telegram_mot_tip_ebook/msg_20260122_173046_112.txt,52,55,3,ok
telegram_mot_tip_ebook/msg_20260427_213939_544.txt,14,15,0,ok
telegram_mot_tip_ebook/msg_20260122_174045_1053.txt,13,13,0,ok
telegram_mot_tip_ebook/msg_20260122_173046_151.txt,49,50,0,ok
telegram_mot_tip_ebook/msg_20260427_213939_202.txt,18,19,1,ok
telegram_mot_tip_ebook/msg_20260427_213939_527.txt,0,7,0,ok
telegram_mot_tip_ebook/msg_20260122_173046_235.txt,122,165,0,ok
telegram_mot_tip_ebook/msg_20260427_213939_126.txt,43,47,2,ok
telegram_mot_tip_ebook/msg_20260122_174045_2700.txt,17,17,1,ok
telegram_mot_tip_ebook/msg_20260427_213939_593.txt,21,21,0,ok
telegram_mot_tip_ebook/msg_20260122_174045_602.txt,40,48,0,ok
telegram_mot_tip_ebook/msg_20260122_174045_15.txt,21,21,1,ok
telegram_mot_tip_ebook/msg_20260427_213939_94.txt,53,55,1,ok
telegram_mot_tip_ebook/msg_20260122_174045_2326.txt,20,25,1,ok
telegram_mot_tip_ebook/msg_20260122_174045_474.txt,17,23,1,ok
telegram_mot_tip_ebook/msg_20260122_173335_1128.txt,51,51,0,ok
telegram_mot_tip_ebook/msg_20260122_174045_74.txt,42,49,0,ok
telegram_mot_tip_ebook/msg_20260427_213939_535.txt,19,21,1,ok
telegram_mot_tip_ebook/msg_20260427_213939_555.txt,73,77,2,ok
telegram_mot_tip_ebook/msg_20260122_174045_2072.txt,17,17,0,ok
telegram_mot_tip_ebook/msg_20260122_173046_230.txt,0,139,0,ok
telegram_mot_tip_ebook/msg_20260427_213939_290.txt,27,28,0,ok
telegram_mot_tip_ebook/msg_20260122_173335_616.txt,58,66,0,ok
telegram_mot_tip_ebook/msg_20260427_213939_225.txt,25,25,0,ok
telegram_mot_tip_ebook/msg_20260122_174045_1455.txt,17,19,0,ok
telegram_mot_tip_ebook/msg_20260122_174045_432.txt,24,24,2,ok
telegram_mot_tip_ebook/msg_20260122_174045_550.txt,32,33,1,ok
telegram_mot_tip_ebook/msg_20260122_174045_1150.txt,27,30,0,ok
telegram_mot_tip_ebook/msg_20260122_174045_2742.txt,34,36,0,ok
telegram_mot_tip_ebook/msg_20260122_173335_428.txt,75,80,2,ok
telegram_mot_tip_ebook/msg_20260122_174045_1465.txt,17,24,0,ok
telegram_mot_tip_ebook/msg_20260427_213939_316.txt,14,17,2,ok
telegram_mot_tip_ebook/msg_20260122_173335_956.txt,153,188,3,ok
telegram_mot_tip_ebook/msg_20260427_213939_520.txt,3,3,0,ok
telegram_mot_tip_ebook/msg_20260122_174045_768.txt,12,12,0,ok
telegram_mot_tip_ebook/msg_20260122_174045_464.txt,13,13,0,ok
telegram_mot_tip_ebook/msg_20260427_213939_589.txt,103,109,0,ok
telegram_mot_tip_ebook/msg_20260122_173335_2099.txt,50,56,0,ok
telegram_mot_tip_ebook/msg_20260122_174045_1453.txt,16,16,0,ok
telegram_mot_tip_ebook/msg_20260427_213939_463.txt,13,19,2,ok
telegram_mot_tip_ebook/msg_20260122_174045_467.txt,11,11,0,ok
telegram_mot_tip_ebook/msg_20260427_213939_355.txt,57,60,1,ok
telegram_mot_tip_ebook/msg_20260427_213939_264.txt,3,3,0,ok
telegram_mot_tip_ebook/msg_20260427_213939_404.txt,24,26,0,ok
telegram_mot_tip_ebook/msg_20260122_174045_1110.txt,16,16,0,ok
telegram_mot_tip_ebook/msg_20260427_213939_183.txt,12,13,0,ok
telegram_mot_tip_ebook/msg_20260427_213939_133.txt,3,3,0,ok
telegram_mot_tip_ebook/msg_20260427_213939_340.txt,6,6,0,ok
telegram_mot_tip_ebook/msg_20260122_173335_21.txt,38,64,0,ok
telegram_mot_tip_ebook/msg_20260427_213939_291.txt,15,15,0,ok
telegram_mot_tip_ebook/msg_20260122_173335_109.txt,214,255,0,ok
telegram_mot_tip_ebook/msg_20260122_173335_193.txt,239,268,0,ok
telegram_mot_tip_ebook/msg_20260427_213939_429.txt,37,55,2,ok
telegram_mot_tip_ebook/msg_20260427_213939_626.txt,89,93,0,ok
telegram_mot_tip_ebook/msg_20260122_173335_921.txt,59,96,2,ok
telegram_mot_tip_ebook/msg_20260427_213939_341.txt,8,8,0,ok
telegram_mot_tip_ebook/msg_20260122_174045_1295.txt,16,16,0,ok
telegram_mot_tip_ebook/msg_20260122_173335_20.txt,265,287,0,ok
telegram_mot_tip_ebook/msg_20260122_174045_1669.txt,12,12,0,ok
telegram_mot_tip_ebook/msg_20260427_213939_250.txt,19,19,0,ok
telegram_mot_tip_ebook/msg_20260427_213939_399.txt,8,10,0,ok
telegram_mot_tip_ebook/msg_20260122_173335_1562.txt,113,126,6,ok
telegram_mot_tip_ebook/msg_20260427_213939_15.txt,18,18,1,ok
telegram_mot_tip_ebook/msg_20260122_174045_101.txt,16,17,0,ok
telegram_mot_tip_ebook/msg_20260122_173046_88.txt,54,61,0,ok
telegram_mot_tip_ebook/msg_20260122_173046_95.txt,94,97,0,ok
telegram_mot_tip_ebook/msg_20260427_213939_360.txt,4,4,0,ok
telegram_mot_tip_ebook/msg_20260122_174045_495.txt,15,16,0,ok
telegram_mot_tip_ebook/msg_20260122_173335_438.txt,332,383,11,ok
telegram_mot_tip_ebook/msg_20260122_174045_1404.txt,26,27,0,ok
telegram_mot_tip_ebook/msg_20260122_174045_649.txt,21,22,0,ok
telegram_mot_tip_ebook/msg_20260122_174045_2695.txt,33,35,1,ok
telegram_mot_tip_ebook/msg_20260122_173046_392.txt,78,88,3,ok
telegram_mot_tip_ebook/msg_20260427_213939_370.txt,16,17,0,ok
telegram_mot_tip_ebook/msg_20260122_173335_1444.txt,61,64,3,ok
telegram_mot_tip_ebook/msg_20260122_173046_306.txt,88,106,2,ok
telegram_mot_tip_ebook/msg_20260427_213939_313.txt,40,42,0,ok
telegram_mot_tip_ebook/msg_20260122_173046_24.txt,50,76,0,ok
telegram_mot_tip_ebook/msg_20260122_174338_1229.txt,0,3,0,ok
telegram_mot_tip_ebook/msg_20260122_174045_1473.txt,10,14,0,ok
telegram_mot_tip_ebook/msg_20260122_173335_770.txt,277,323,6,ok
telegram_mot_tip_ebook/msg_20260122_174045_650.txt,26,42,1,ok
telegram_mot_tip_ebook/msg_20260122_174045_1039.txt,10,10,1,ok
telegram_mot_tip_ebook/msg_20260122_173335_88.txt,54,61,0,ok
telegram_mot_tip_ebook/msg_20260427_213939_59.txt,60,62,0,ok
telegram_mot_tip_ebook/msg_20260427_213939_62.txt,10,10,0,ok
telegram_mot_tip_ebook/msg_20260122_173335_500.txt,50,57,0,ok
telegram_mot_tip_ebook/msg_20260122_174045_1760.txt,6,15,0,ok
telegram_mot_tip_ebook/msg_20260122_173335_26.txt,50,76,0,ok
telegram_mot_tip_ebook/msg_20260122_174045_1504.txt,12,18,0,ok
telegram_mot_tip_ebook/msg_20260122_173335_132.txt,66,70,3,ok
telegram_mot_tip_ebook/msg_20260427_213939_8.txt,29,30,0,ok
telegram_mot_tip_ebook/msg_20260427_213939_253.txt,3,3,0,ok
telegram_mot_tip_ebook/msg_20260427_213939_226.txt,60,68,0,ok
telegram_mot_tip_ebook/msg_20260122_173046_184.txt,92,102,2,ok
telegram_mot_tip_ebook/msg_20260427_213939_558.txt,9,9,1,ok
telegram_mot_tip_ebook/msg_20260122_173335_544.txt,193,220,0,ok
telegram_mot_tip_ebook/msg_20260427_213939_576.txt,185,239,8,ok
telegram_mot_tip_ebook/msg_20260427_213939_500.txt,23,24,0,ok
telegram_mot_tip_ebook/msg_20260427_213939_298.txt,43,44,1,ok
telegram_mot_tip_ebook/msg_20260427_213939_492.txt,0,9,0,ok
telegram_mot_tip_ebook/msg_20260122_173335_44.txt,103,122,0,ok
telegram_mot_tip_ebook/msg_20260122_174045_434.txt,15,15,0,ok
telegram_mot_tip_ebook/msg_20260427_213939_256.txt,32,45,0,ok
telegram_mot_tip_ebook/msg_20260122_173335_769.txt,306,354,18,ok
telegram_mot_tip_ebook/msg_20260122_173046_61.txt,85,99,0,ok
telegram_mot_tip_ebook/msg_20260122_174338_2429.txt,3,3,0,ok
telegram_mot_tip_ebook/msg_20260122_174045_2370.txt,17,21,1,ok
telegram_mot_tip_ebook/msg_20260122_174045_2676.txt,38,39,3,ok
telegram_mot_tip_ebook/msg_20260122_173335_400.txt,52,64,3,ok
telegram_mot_tip_ebook/msg_20260122_173335_1468.txt,48,65,1,ok
telegram_mot_tip_ebook/msg_20260427_213939_320.txt,22,34,2,ok
telegram_mot_tip_ebook/msg_20260427_213939_212.txt,13,121,0,ok
telegram_mot_tip_ebook/msg_20260427_213939_389.txt,21,23,0,ok
telegram_mot_tip_ebook/msg_20260122_174045_2292.txt,21,21,0,ok
telegram_mot_tip_ebook/msg_20260427_213939_11.txt,15,15,0,ok
telegram_mot_tip_ebook/msg_20260122_174045_1402.txt,18,18,0,ok
telegram_mot_tip_ebook/msg_20260122_173335_2451.txt,68,71,0,ok
telegram_mot_tip_ebook/msg_20260122_174045_2327.txt,23,23,0,ok
telegram_mot_tip_ebook/msg_20260427_213939_60.txt,21,21,0,ok
telegram_mot_tip_ebook/msg_20260427_213939_384.txt,6,28,0,ok
telegram_mot_tip_ebook/msg_20260122_173335_2171.txt,166,204,2,ok
telegram_mot_tip_ebook/msg_20260122_173335_111.txt,51,55,1,ok
telegram_mot_tip_ebook/msg_20260122_173046_144.txt,104,108,0,ok
telegram_mot_tip_ebook/msg_20260122_173335_1058.txt,163,417,2,ok
telegram_mot_tip_ebook/msg_20260122_173335_1344.txt,660,728,19,ok
telegram_mot_tip_ebook/msg_20260122_173335_153.txt,101,113,0,ok
telegram_mot_tip_ebook/msg_20260122_173335_1408.txt,60,63,0,ok
telegram_mot_tip_ebook/msg_20260427_213939_163.txt,10,10,0,ok
telegram_mot_tip_ebook/msg_20260427_213939_367.txt,193,217,2,ok
telegram_mot_tip_ebook/msg_20260122_174045_980.txt,26,38,0,ok
telegram_mot_tip_ebook/msg_20260427_213939_283.txt,23,23,0,ok
telegram_mot_tip_ebook/msg_20260122_174045_2679.txt,25,27,0,ok
telegram_mot_tip_ebook/msg_20260122_173335_2473.txt,875,1102,1,ok
telegram_mot_tip_ebook/msg_20260122_173335_2170.txt,1112,1299,35,ok
telegram_mot_tip_ebook/msg_20260122_174045_404.txt,34,41,2,ok
telegram_mot_tip_ebook/msg_20260122_174045_1489.txt,27,36,1,ok
telegram_mot_tip_ebook/msg_20260122_174045_2426.txt,10,10,0,ok
telegram_mot_tip_ebook/msg_20260122_174338_105.txt,8,8,0,ok
telegram_mot_tip_ebook/msg_20260427_213939_26.txt,11,11,0,ok
telegram_mot_tip_ebook/msg_20260122_174338_626.txt,0,1,0,ok
telegram_mot_tip_ebook/msg_20260122_174045_2212.txt,21,21,0,ok
telegram_mot_tip_ebook/msg_20260122_174338_1038.txt,4,4,0,ok
telegram_mot_tip_ebook/msg_20260122_174045_2450.txt,10,11,0,ok
telegram_mot_tip_ebook/msg_20260427_213939_550.txt,42,45,0,ok
telegram_mot_tip_ebook/msg_20260122_173335_133.txt,61,65,2,ok
telegram_mot_tip_ebook/msg_20260122_174045_2691.txt,23,25,1,ok
telegram_mot_tip_ebook/msg_20260122_174045_2461.txt,37,45,0,ok
telegram_mot_tip_ebook/msg_20260122_174045_470.txt,21,21,0,ok
telegram_mot_tip_ebook/msg_20260427_213939_494.txt,53,55,0,ok
telegram_mot_tip_ebook/msg_20260427_213939_47.txt,0,11,0,ok
telegram_mot_tip_ebook/msg_20260122_174045_448.txt,18,18,1,ok
telegram_mot_tip_ebook/msg_20260122_173335_1066.txt,69,89,3,ok
telegram_mot_tip_ebook/msg_20260122_174045_2804.txt,8,11,0,ok
telegram_mot_tip_ebook/msg_20260122_174045_2112.txt,27,49,0,ok
telegram_mot_tip_ebook/msg_20260427_213939_196.txt,15,16,0,ok
telegram_mot_tip_ebook/msg_20260122_173335_1057.txt,122,294,2,ok
telegram_mot_tip_ebook/msg_20260427_213939_464.txt,45,49,1,ok
telegram_mot_tip_ebook/msg_20260122_174338_1849.txt,0,6,0,ok
telegram_mot_tip_ebook/msg_20260122_174045_2210.txt,45,48,3,ok
telegram_mot_tip_ebook/msg_20260122_174045_1507.txt,33,45,0,ok
telegram_mot_tip_ebook/msg_20260122_174045_2699.txt,20,21,1,ok
telegram_mot_tip_ebook/msg_20260122_174045_1416.txt,9,10,0,ok
telegram_mot_tip_ebook/msg_20260122_173046_114.txt,59,60,0,ok
telegram_mot_tip_ebook/msg_20260122_173335_392.txt,78,88,3,ok
telegram_mot_tip_ebook/downloaded_messages.txt,0,4045,0,ok
telegram_mot_tip_ebook/msg_20260427_213939_218.txt,45,50,0,ok
telegram_mot_tip_ebook/msg_20260122_174338_155.txt,0,2,0,ok
telegram_mot_tip_ebook/msg_20260427_213939_199.txt,8,8,0,ok
telegram_mot_tip_ebook/msg_20260122_173335_154.txt,49,55,0,ok
telegram_mot_tip_ebook/msg_20260122_174045_58.txt,16,16,0,ok
telegram_mot_tip_ebook/msg_20260122_174045_2674.txt,26,27,1,ok
telegram_mot_tip_ebook/msg_20260427_213939_190.txt,32,36,0,ok
telegram_mot_tip_ebook/msg_20260122_173335_645.txt,159,183,1,ok
telegram_mot_tip_ebook/msg_20260122_174045_462.txt,22,22,0,ok
telegram_mot_tip_ebook/msg_20260427_213939_164.txt,62,83,1,ok
telegram_mot_tip_ebook/msg_20260427_213939_22.txt,10,10,0,ok
telegram_mot_tip_ebook/msg_20260122_173335_619.txt,44,52,0,ok
telegram_mot_tip_ebook/msg_20260427_213939_398.txt,13,13,0,ok
telegram_mot_tip_ebook/msg_20260122_174045_436.txt,13,13,0,ok
telegram_mot_tip_ebook/msg_20260122_174045_2662.txt,10,10,0,ok
telegram_mot_tip_ebook/msg_20260427_213939_53.txt,27,28,0,ok
telegram_mot_tip_ebook/msg_20260122_174045_974.txt,18,29,0,ok
telegram_mot_tip_ebook/msg_20260122_173335_2807.txt,41,56,1,ok
telegram_mot_tip_ebook/msg_20260122_174338_2176.txt,0,4,0,ok
telegram_mot_tip_ebook/msg_20260427_213939_285.txt,26,26,1,ok
telegram_mot_tip_ebook/msg_20260427_213939_182.txt,70,79,3,ok
telegram_mot_tip_ebook/msg_20260427_213939_261.txt,0,11,0,ok
telegram_mot_tip_ebook/msg_20260427_213939_277.txt,24,38,0,ok
telegram_mot_tip_ebook/msg_20260427_213939_19.txt,35,38,0,ok
telegram_mot_tip_ebook/msg_20260122_173335_1268.txt,46,51,0,ok
telegram_mot_tip_ebook/msg_20260427_213939_191.txt,8,8,0,ok
telegram_mot_tip_ebook/msg_20260122_174045_182.txt,29,29,1,ok
telegram_mot_tip_ebook/msg_20260122_174045_2483.txt,13,14,0,ok
telegram_mot_tip_ebook/msg_20260122_173046_56.txt,52,99,2,ok
telegram_mot_tip_ebook/msg_20260427_213939_595.txt,33,35,0,ok
telegram_mot_tip_ebook/msg_20260122_174045_136.txt,47,47,0,ok
telegram_mot_tip_ebook/msg_20260122_174045_2689.txt,26,27,0,ok
telegram_mot_tip_ebook/msg_20260122_173046_25.txt,38,64,0,ok
telegram_mot_tip_ebook/msg_20260122_173335_1060.txt,130,254,4,ok
telegram_mot_tip_ebook/msg_20260427_213939_248.txt,22,28,0,ok
telegram_mot_tip_ebook/msg_20260122_173335_2052.txt,51,63,0,ok
telegram_mot_tip_ebook/msg_20260122_173335_2658.txt,82,90,4,ok
telegram_mot_tip_ebook/msg_20260122_174045_2660.txt,39,44,0,ok
telegram_mot_tip_ebook/msg_20260427_213939_591.txt,90,94,0,ok
telegram_mot_tip_ebook/msg_20260122_174045_396.txt,34,42,2,ok
telegram_mot_tip_ebook/msg_20260427_213939_238.txt,7,7,0,ok
telegram_mot_tip_ebook/msg_20260122_173335_95.txt,94,97,0,ok
telegram_mot_tip_ebook/msg_20260122_174045_2880.txt,0,17,0,ok
telegram_mot_tip_ebook/msg_20260122_173335_1528.txt,42,55,1,ok
telegram_mot_tip_ebook/msg_20260122_174045_946.txt,12,12,0,ok
telegram_mot_tip_ebook/msg_20260122_174045_2694.txt,13,13,0,ok
telegram_mot_tip_ebook/msg_20260427_213939_380.txt,3,3,0,ok
telegram_mot_tip_ebook/msg_20260122_174338_897.txt,0,9,0,ok
telegram_mot_tip_ebook/msg_20260122_174045_2692.txt,20,20,2,ok
telegram_mot_tip_ebook/msg_20260427_213939_17.txt,333,370,7,ok
telegram_mot_tip_ebook/msg_20260122_173335_963.txt,54,71,3,ok
telegram_mot_tip_ebook/msg_20260122_174045_2357.txt,32,49,0,ok
telegram_mot_tip_ebook/msg_20260122_173335_918.txt,124,170,2,ok
telegram_mot_tip_ebook/msg_20260122_173335_2352.txt,96,117,0,ok
telegram_mot_tip_ebook/msg_20260122_174045_239.txt,18,21,1,ok
telegram_mot_tip_ebook/msg_20260122_174045_2242.txt,37,38,0,ok
telegram_mot_tip_ebook/msg_20260427_213939_350.txt,26,30,0,ok
telegram_mot_tip_ebook/msg_20260122_174045_139.txt,16,16,0,ok
telegram_mot_tip_ebook/msg_20260122_174045_2218.txt,21,21,1,ok
telegram_mot_tip_ebook/msg_20260427_213939_204.txt,11,11,1,ok
telegram_mot_tip_ebook/msg_20260122_174045_408.txt,11,18,0,ok
telegram_mot_tip_ebook/msg_20260122_173335_407.txt,84,95,3,ok
telegram_mot_tip_ebook/msg_20260427_213939_362.txt,16,27,0,ok
telegram_mot_tip_ebook/msg_20260427_213939_206.txt,14,14,0,ok
telegram_mot_tip_ebook/msg_20260122_174045_2161.txt,0,37,0,ok
telegram_mot_tip_ebook/msg_20260427_213939_275.txt,30,33,3,ok
telegram_mot_tip_ebook/msg_20260122_173335_61.txt,85,99,0,ok
telegram_mot_tip_ebook/msg_20260122_174338_459.txt,6,6,0,ok
telegram_mot_tip_ebook/msg_20260122_173046_147.txt,273,297,1,ok
telegram_mot_tip_ebook/msg_20260122_174045_1482.txt,25,37,0,ok
telegram_mot_tip_ebook/msg_20260122_174045_1018.txt,28,30,1,ok
telegram_mot_tip_ebook/msg_20260122_173335_1147.txt,107,122,0,ok
telegram_mot_tip_ebook/msg_20260122_174045_1511.txt,10,15,0,ok
telegram_mot_tip_ebook/msg_20260122_173335_1445.txt,81,96,2,ok
telegram_mot_tip_ebook/msg_20260122_174045_509.txt,31,34,2,ok
telegram_mot_tip_ebook/msg_20260427_213939_25.txt,12,12,0,ok
telegram_mot_tip_ebook/msg_20260122_174045_966.txt,7,17,0,ok
telegram_mot_tip_ebook/msg_20260122_173335_1054.txt,309,341,11,ok
telegram_mot_tip_ebook/msg_20260122_174045_1495.txt,9,11,0,ok
telegram_mot_tip_ebook/msg_20260122_174045_469.txt,18,18,0,ok
telegram_mot_tip_ebook/msg_20260122_173335_367.txt,113,130,3,ok
telegram_mot_tip_ebook/msg_20260122_174045_586.txt,15,18,0,ok
telegram_mot_tip_ebook/msg_20260122_173335_56.txt,52,99,2,ok
telegram_mot_tip_ebook/msg_20260122_174045_357.txt,35,41,0,ok
telegram_mot_tip_ebook/msg_20260122_173335_2084.txt,74,78,0,ok
telegram_mot_tip_ebook/msg_20260122_174045_2667.txt,39,42,2,ok
telegram_mot_tip_ebook/msg_20260122_174045_412.txt,13,18,0,ok
telegram_mot_tip_ebook/msg_20260122_174045_465.txt,12,12,0,ok
telegram_mot_tip_ebook/msg_20260427_213939_2.txt,19,19,1,ok
telegram_mot_tip_ebook/msg_20260122_173335_73.txt,51,56,2,ok
telegram_mot_tip_ebook/msg_20260427_213939_68.txt,50,57,2,ok
telegram_mot_tip_ebook/msg_20260427_213939_317.txt,23,25,0,ok
telegram_mot_tip_ebook/msg_20260122_174045_1703.txt,13,14,0,ok
telegram_mot_tip_ebook/msg_20260427_213939_213.txt,15,27,0,ok
telegram_mot_tip_ebook/msg_20260122_174045_2298.txt,22,24,0,ok
telegram_mot_tip_ebook/msg_20260427_213939_543.txt,265,285,0,ok
telegram_mot_tip_ebook/msg_20260427_213939_251.txt,9,9,0,ok
telegram_mot_tip_ebook/msg_20260122_174045_72.txt,21,21,1,ok
telegram_mot_tip_ebook/msg_20260122_173335_22.txt,50,76,0,ok
telegram_mot_tip_ebook/msg_20260427_213939_176.txt,0,3,0,ok
telegram_mot_tip_ebook/msg_20260122_174045_1648.txt,21,21,1,ok
telegram_mot_tip_ebook/msg_20260122_173335_1366.txt,0,71,0,ok
telegram_mot_tip_ebook/msg_20260122_173335_992.txt,91,107,3,ok
telegram_mot_tip_ebook/msg_20260122_173335_1412.txt,2777,3009,0,ok
telegram_mot_tip_ebook/msg_20260427_213939_96.txt,37,39,0,ok
telegram_mot_tip_ebook/msg_20260122_173046_23.txt,38,64,0,ok
telegram_mot_tip_ebook/msg_20260122_174045_463.txt,15,15,0,ok
telegram_mot_tip_ebook/msg_20260122_173046_26.txt,50,76,0,ok
telegram_mot_tip_ebook/msg_20260122_173335_2472.txt,73,88,3,ok
telegram_mot_tip_ebook/msg_20260122_174045_1479.txt,9,11,1,ok
telegram_mot_tip_ebook/msg_20260122_174045_1500.txt,11,14,1,ok
telegram_mot_tip_ebook/msg_20260427_213939_240.txt,65,69,0,ok
telegram_mot_tip_ebook/msg_20260122_173335_1035.txt,1221,1407,0,ok
telegram_mot_tip_ebook/msg_20260427_213939_24.txt,10,10,0,ok
telegram_mot_tip_ebook/msg_20260427_213939_503.txt,28,28,0,ok
telegram_mot_tip_ebook/msg_20260427_213939_287.txt,9,9,0,ok
telegram_mot_tip_ebook/msg_20260122_173046_73.txt,51,56,2,ok
telegram_mot_tip_ebook/msg_20260122_174045_498.txt,42,43,0,ok
telegram_mot_tip_ebook/msg_20260122_173335_2005.txt,47,64,1,ok
telegram_mot_tip_ebook/msg_20260122_173335_437.txt,143,145,3,ok
telegram_mot_tip_ebook/msg_20260427_213939_392.txt,16,33,0,ok
telegram_mot_tip_ebook/msg_20260427_213939_245.txt,12,12,0,ok
telegram_mot_tip_ebook/msg_20260122_174045_414.txt,20,26,0,ok
telegram_mot_tip_ebook/msg_20260122_174045_2669.txt,12,12,1,ok
telegram_mot_tip_ebook/msg_20260427_213939_32.txt,16,16,0,ok
telegram_mot_tip_ebook/msg_20260122_174045_2070.txt,15,17,0,ok
telegram_mot_tip_ebook/msg_20260122_173335_2405.txt,80,97,1,ok
telegram_mot_tip_ebook/msg_20260427_213939_506.txt,60,66,2,ok
telegram_mot_tip_ebook/msg_20260122_173335_846.txt,237,301,9,ok
telegram_mot_tip_ebook/msg_20260122_174045_2172.txt,13,19,0,ok
telegram_mot_tip_ebook/msg_20260122_174045_410.txt,19,25,1,ok
telegram_mot_tip_ebook/msg_20260122_173335_85.txt,387,437,7,ok
telegram_mot_tip_ebook/msg_20260122_174045_2053.txt,39,42,1,ok
telegram_mot_tip_ebook/msg_20260122_174045_646.txt,23,27,0,ok
telegram_mot_tip_ebook/msg_20260427_213939_579.txt,35,38,2,ok
telegram_mot_tip_ebook/msg_20260122_174338_2214.txt,7,7,0,ok
telegram_mot_tip_ebook/msg_20260122_174045_244.txt,36,37,0,ok
telegram_mot_tip_ebook/msg_20260122_173335_2743.txt,141,167,0,ok
telegram_mot_tip_ebook/msg_20260427_213939_529.txt,42,42,0,ok
telegram_mot_tip_ebook/msg_20260427_213939_297.txt,29,32,0,ok
telegram_mot_tip_ebook/msg_20260122_174045_2007.txt,0,11,0,ok
telegram_mot_tip_ebook/msg_20260122_173335_131.txt,43,51,1,ok
telegram_mot_tip_ebook/msg_20260122_174045_518.txt,22,22,1,ok
telegram_mot_tip_ebook/msg_20260122_174045_2224.txt,14,14,0,ok
telegram_mot_tip_ebook/msg_20260427_213939_170.txt,60,75,1,ok
telegram_mot_tip_ebook/msg_20260122_174045_1649.txt,0,37,0,ok
telegram_mot_tip_ebook/msg_20260427_213939_584.txt,516,600,0,ok
telegram_mot_tip_ebook/msg_20260122_173335_1450.txt,118,154,4,ok
telegram_mot_tip_ebook/msg_20260122_174338_2177.txt,0,1,0,ok
telegram_mot_tip_ebook/msg_20260122_173335_2664.txt,49,55,2,ok
telegram_mot_tip_ebook/msg_20260427_213939_515.txt,28,30,1,ok
telegram_mot_tip_ebook/msg_20260122_174045_2673.txt,37,38,3,ok
telegram_mot_tip_ebook/msg_20260122_174045_532.txt,42,43,0,ok
telegram_mot_tip_ebook/msg_20260427_213939_91.txt,12,12,0,ok
telegram_mot_tip_ebook/msg_20260122_174045_2090.txt,16,17,1,ok
telegram_mot_tip_ebook/msg_20260122_173046_213.txt,61,65,0,ok
telegram_mot_tip_ebook/msg_20260122_174338_530.txt,4,4,0,ok
telegram_mot_tip_ebook/msg_20260122_173335_2386.txt,44,63,1,ok
telegram_mot_tip_ebook/msg_20260427_213939_581.txt,145,173,0,ok
telegram_mot_tip_ebook/msg_20260122_173335_426.txt,66,72,2,ok
telegram_mot_tip_ebook/msg_20260122_174045_36.txt,14,14,0,ok
telegram_mot_tip_ebook/msg_20260427_213939_29.txt,7,7,0,ok
telegram_mot_tip_ebook/msg_20260427_213939_201.txt,32,33,0,ok
telegram_mot_tip_ebook/msg_20260122_174045_2303.txt,12,12,0,ok
telegram_mot_tip_ebook/msg_20260427_213939_386.txt,15,15,0,ok
telegram_mot_tip_ebook/msg_20260122_174045_2430.txt,46,49,0,ok
telegram_mot_tip_ebook/msg_20260427_213939_117.txt,28,36,1,ok
telegram_mot_tip_ebook/msg_20260122_173335_2345.txt,102,147,1,ok
telegram_mot_tip_ebook/msg_20260122_173046_115.txt,194,208,2,ok
telegram_mot_tip_ebook/msg_20260427_213939_134.txt,48,51,0,ok
telegram_mot_tip_ebook/msg_20260122_174338_944.txt,0,9,0,ok
telegram_mot_tip_ebook/msg_20260122_174045_137.txt,38,38,1,ok
telegram_mot_tip_ebook/msg_20260427_213939_299.txt,27,27,2,ok
telegram_mot_tip_ebook/msg_20260427_213939_198.txt,45,56,0,ok
telegram_mot_tip_ebook/msg_20260427_213939_118.txt,63,65,0,ok
telegram_mot_tip_ebook/msg_20260122_174338_67.txt,0,5,0,ok
telegram_mot_tip_ebook/msg_20260122_174045_2074.txt,13,13,0,ok
telegram_mot_tip_ebook/msg_20260122_174045_424.txt,19,19,0,ok
telegram_mot_tip_ebook/msg_20260122_174045_1246.txt,22,24,0,ok
telegram_mot_tip_ebook/msg_20260427_213939_45.txt,48,52,0,ok
telegram_mot_tip_ebook/msg_20260122_174045_1485.txt,13,15,1,ok
telegram_mot_tip_ebook/msg_20260427_213939_221.txt,46,48,0,ok
telegram_mot_tip_ebook/msg_20260427_213939_526.txt,101,104,0,ok
telegram_mot_tip_ebook/msg_20260122_174045_572.txt,15,18,0,ok
telegram_mot_tip_ebook/msg_20260122_174045_2874.txt,0,17,0,ok
telegram_mot_tip_ebook/msg_20260122_174338_1687.txt,0,9,0,ok
telegram_mot_tip_ebook/msg_20260427_213939_241.txt,37,41,0,ok
telegram_mot_tip_ebook/msg_20260427_213939_20.txt,83,84,0,ok
telegram_mot_tip_ebook/msg_20260122_174045_398.txt,13,24,0,ok
telegram_mot_tip_ebook/msg_20260122_174045_2701.txt,28,28,1,ok
telegram_mot_tip_ebook/msg_20260427_213939_70.txt,23,24,1,ok
telegram_mot_tip_ebook/msg_20260122_174045_2690.txt,14,15,0,ok
telegram_mot_tip_ebook/msg_20260122_173335_1291.txt,460,516,0,ok
telegram_mot_tip_ebook/msg_20260427_213939_255.txt,25,25,0,ok
telegram_mot_tip_ebook/msg_20260427_213939_565.txt,12,90,0,ok
telegram_mot_tip_ebook/msg_20260122_173335_2216.txt,47,53,1,ok
telegram_mot_tip_ebook/msg_20260122_173335_1535.txt,39,56,0,ok
telegram_mot_tip_ebook/msg_20260122_173046_27.txt,75,85,0,ok
telegram_mot_tip_ebook/msg_20260122_174045_457.txt,18,18,0,ok
telegram_mot_tip_ebook/msg_20260122_173335_2175.txt,85,102,0,ok
telegram_mot_tip_ebook/msg_20260122_173335_1456.txt,59,62,2,ok
telegram_mot_tip_ebook/msg_20260122_173335_2487.txt,68,77,0,ok
telegram_mot_tip_ebook/msg_20260122_173335_1026.txt,64,67,0,ok
telegram_mot_tip_ebook/msg_20260122_173335_1146.txt,55,59,0,ok
telegram_mot_tip_ebook/msg_20260122_173335_134.txt,50,54,0,ok
telegram_mot_tip_ebook/msg_20260122_174045_2665.txt,45,48,2,ok
telegram_mot_tip_ebook/msg_20260427_213939_211.txt,84,93,0,ok
telegram_mot_tip_ebook/msg_20260122_174045_2336.txt,0,29,0,ok
telegram_mot_tip_ebook/msg_20260122_174045_1498.txt,33,43,0,ok
telegram_mot_tip_ebook/msg_20260122_174338_192.txt,6,8,0,ok
telegram_mot_tip_ebook/msg_20260427_213939_186.txt,10,18,0,ok
telegram_mot_tip_ebook/msg_20260427_213939_63.txt,16,16,0,ok
telegram_mot_tip_ebook/msg_20260427_213939_562.txt,35,39,0,ok
telegram_mot_tip_ebook/msg_20260122_173335_1059.txt,123,202,3,ok
telegram_mot_tip_ebook/msg_20260122_173335_2163.txt,218,239,5,ok
telegram_mot_tip_ebook/msg_20260122_173335_1319.txt,47,50,2,ok
telegram_mot_tip_ebook/msg_20260122_173335_169.txt,65,69,1,ok
telegram_mot_tip_ebook/msg_20260122_174045_1454.txt,17,19,0,ok
telegram_mot_tip_ebook/msg_20260427_213939_609.txt,114,122,0,ok
telegram_mot_tip_ebook/msg_20260427_213939_495.txt,47,48,0,ok
telegram_mot_tip_ebook/msg_20260122_173335_186.txt,245,273,5,ok
telegram_mot_tip_ebook/msg_20260427_213939_217.txt,12,12,0,ok
telegram_mot_tip_ebook/msg_20260122_174045_2651.txt,0,47,0,ok
telegram_mot_tip_ebook/msg_20260122_174045_2685.txt,11,11,0,ok
telegram_mot_tip_ebook/msg_20260122_173046_186.txt,245,273,5,ok
telegram_mot_tip_ebook/msg_20260122_174045_2062.txt,42,46,1,ok
telegram_mot_tip_ebook/msg_20260427_213939_167.txt,63,65,0,ok
telegram_mot_tip_ebook/msg_20260427_213939_9.txt,20,29,0,ok
telegram_mot_tip_ebook/msg_20260427_213939_462.txt,0,40,0,ok
telegram_mot_tip_ebook/msg_20260122_174045_2306.txt,36,41,1,ok
telegram_mot_tip_ebook/msg_20260122_174045_2738.txt,20,21,0,ok
telegram_mot_tip_ebook/msg_20260122_174045_1413.txt,14,15,0,ok
telegram_mot_tip_ebook/msg_20260427_213939_247.txt,91,111,0,ok
telegram_mot_tip_ebook/msg_20260122_174338_2139.txt,8,8,0,ok
telegram_mot_tip_ebook/msg_20260122_173335_2312.txt,0,77,0,ok
telegram_mot_tip_ebook/msg_20260122_174045_2064.txt,35,36,0,ok
telegram_mot_tip_ebook/msg_20260427_213939_7.txt,32,47,0,ok
telegram_mot_tip_ebook/msg_20260122_174045_406.txt,34,41,2,ok
telegram_mot_tip_ebook/msg_20260427_213939_160.txt,31,32,0,ok
telegram_mot_tip_ebook/msg_20260122_174045_1417.txt,9,10,0,ok
telegram_mot_tip_ebook/msg_20260122_174045_2159.txt,12,12,0,ok
telegram_mot_tip_ebook/msg_20260427_213939_406.txt,12,12,0,ok
telegram_mot_tip_ebook/msg_20260122_174045_2777.txt,38,39,3,ok
telegram_mot_tip_ebook/msg_20260427_213939_188.txt,38,39,0,ok
telegram_mot_tip_ebook/msg_20260122_174045_648.txt,27,35,1,ok
telegram_mot_tip_ebook/msg_20260122_174045_2136.txt,11,11,0,ok
telegram_mot_tip_ebook/msg_20260122_174045_2225.txt,17,17,0,ok
telegram_mot_tip_ebook/msg_20260122_173335_115.txt,194,208,2,ok
telegram_mot_tip_ebook/msg_20260122_174045_1561.txt,16,16,1,ok
telegram_mot_tip_ebook/msg_20260122_173335_2442.txt,248,329,0,ok
telegram_mot_tip_ebook/msg_20260122_174338_439.txt,5,5,0,ok
telegram_mot_tip_ebook/msg_20260122_174045_416.txt,27,27,0,ok
telegram_mot_tip_ebook/msg_20260122_174045_34.txt,29,29,0,ok
telegram_mot_tip_ebook/msg_20260122_173046_400.txt,52,64,3,ok
telegram_mot_tip_ebook/msg_20260122_174338_228.txt,0,3,0,ok
telegram_mot_tip_ebook/msg_20260122_173046_32.txt,48,51,0,ok
telegram_mot_tip_ebook/msg_20260122_173335_71.txt,48,52,0,ok
telegram_mot_tip_ebook/msg_20260122_173335_48.txt,108,125,0,ok
telegram_mot_tip_ebook/msg_20260427_213939_315.txt,29,31,2,ok
telegram_mot_tip_ebook/msg_20260427_213939_491.txt,25,25,0,ok
telegram_mot_tip_ebook/msg_20260122_173335_1461.txt,75,125,3,ok
telegram_mot_tip_ebook/msg_20260427_213939_474.txt,40,40,2,ok
telegram_mot_tip_ebook/msg_20260427_213939_590.txt,68,85,1,ok
telegram_mot_tip_ebook/msg_20260122_174045_1493.txt,19,25,1,ok
telegram_mot_tip_ebook/msg_20260122_174045_2783.txt,19,20,1,ok
telegram_mot_tip_ebook/msg_20260427_213939_538.txt,19,21,0,ok
telegram_mot_tip_ebook/msg_20260122_174045_389.txt,21,26,0,ok
telegram_mot_tip_ebook/msg_20260122_174045_1141.txt,10,10,1,ok
telegram_mot_tip_ebook/msg_20260427_213939_601.txt,547,704,0,ok
telegram_mot_tip_ebook/msg_20260427_213939_540.txt,14,14,0,ok
telegram_mot_tip_ebook/msg_20260427_213939_460.txt,12,12,0,ok
telegram_mot_tip_ebook/msg_20260122_174045_2703.txt,15,15,0,ok
telegram_mot_tip_ebook/msg_20260122_173335_1086.txt,87,93,4,ok
telegram_mot_tip_ebook/msg_20260122_174338_444.txt,3,3,0,ok
telegram_mot_tip_ebook/msg_20260122_174045_1145.txt,19,20,0,ok
telegram_mot_tip_ebook/msg_20260122_174045_402.txt,28,39,1,ok
telegram_mot_tip_ebook/msg_20260427_213939_237.txt,9,9,0,ok
telegram_mot_tip_ebook/msg_20260122_174045_1415.txt,9,10,0,ok
telegram_mot_tip_ebook/msg_20260427_213939_383.txt,3,3,0,ok
telegram_mot_tip_ebook/msg_20260427_213939_252.txt,18,18,0,ok
telegram_mot_tip_ebook/msg_20260122_174045_1278.txt,21,21,0,ok
telegram_mot_tip_ebook/msg_20260122_174045_715.txt,14,16,0,ok
telegram_mot_tip_ebook/msg_20260122_174045_2698.txt,22,24,1,ok
telegram_mot_tip_ebook/msg_20260122_174045_1560.txt,43,45,0,ok
telegram_mot_tip_ebook/msg_20260122_174338_496.txt,8,8,0,ok
telegram_mot_tip_ebook/msg_20260122_174045_1410.txt,31,35,0,ok
telegram_mot_tip_ebook/msg_20260427_213939_136.txt,17,17,0,ok
telegram_mot_tip_ebook/msg_20260122_174045_1819.txt,6,14,0,ok
telegram_mot_tip_ebook/msg_20260122_174045_851.txt,10,10,0,ok
telegram_mot_tip_ebook/msg_20260122_173335_187.txt,226,252,6,ok
telegram_mot_tip_ebook/msg_20260427_213939_325.txt,147,170,0,ok
telegram_mot_tip_ebook/msg_20260122_173335_151.txt,49,50,0,ok
telegram_mot_tip_ebook/msg_20260427_213939_10.txt,49,60,0,ok
telegram_mot_tip_ebook/msg_20260122_174045_189.txt,31,36,0,ok
telegram_mot_tip_ebook/msg_20260122_173335_2311.txt,205,216,6,ok
telegram_mot_tip_ebook/msg_20260427_213939_42.txt,41,42,0,ok
telegram_mot_tip_ebook/msg_20260122_174045_539.txt,40,43,4,ok
telegram_mot_tip_ebook/msg_20260122_173335_1645.txt,54,63,2,ok
telegram_mot_tip_ebook/msg_20260122_174045_2659.txt,19,20,0,ok
telegram_mot_tip_ebook/msg_20260122_174045_1458.txt,16,16,0,ok
telegram_mot_tip_ebook/msg_20260122_174045_197.txt,34,35,3,ok
telegram_mot_tip_ebook/msg_20260427_213939_505.txt,30,34,1,ok
telegram_mot_tip_ebook/msg_20260122_174045_2221.txt,20,20,0,ok
telegram_mot_tip_ebook/msg_20260122_173335_2191.txt,211,248,0,ok
telegram_mot_tip_ebook/msg_20260122_173335_1129.txt,184,189,0,ok
telegram_mot_tip_ebook/msg_20260122_174045_849.txt,18,18,0,ok
telegram_mot_tip_ebook/msg_20260427_213939_185.txt,17,18,0,ok
telegram_mot_tip_ebook/msg_20260122_173335_2169.txt,70,81,0,ok
telegram_mot_tip_ebook/msg_20260122_174045_447.txt,15,15,0,ok
telegram_mot_tip_ebook/msg_20260122_174045_2686.txt,11,11,1,ok
telegram_mot_tip_ebook/msg_20260122_173335_2449.txt,68,75,3,ok
telegram_mot_tip_ebook/msg_20260122_174045_1443.txt,19,22,0,ok
telegram_mot_tip_ebook/msg_20260122_174338_1442.txt,8,8,0,ok
telegram_mot_tip_ebook/msg_20260427_213939_310.txt,65,69,0,ok
telegram_mot_tip_ebook/msg_20260122_174338_383.txt,8,8,0,ok
telegram_mot_tip_ebook/msg_20260122_174045_2353.txt,24,25,0,ok
telegram_mot_tip_ebook/msg_20260427_213939_158.txt,40,42,0,ok
telegram_mot_tip_ebook/msg_20260427_213939_343.txt,22,24,0,ok
telegram_mot_tip_ebook/msg_20260122_173046_345.txt,48,52,2,ok
telegram_mot_tip_ebook/msg_20260427_213939_265.txt,11,11,0,ok
telegram_mot_tip_ebook/msg_20260122_173335_2325.txt,102,147,1,ok
telegram_mot_tip_ebook/msg_20260122_174045_1137.txt,24,25,1,ok
telegram_mot_tip_ebook/msg_20260122_174045_1448.txt,0,37,0,ok
telegram_mot_tip_ebook/msg_20260122_174045_1903.txt,0,38,0,ok
telegram_mot_tip_ebook/msg_20260427_213939_393.txt,0,30,0,ok
telegram_mot_tip_ebook/msg_20260122_173335_349.txt,50,57,1,ok
telegram_mot_tip_ebook/msg_20260122_174045_2681.txt,15,15,0,ok
telegram_mot_tip_ebook/msg_20260122_174045_387.txt,15,15,0,ok
telegram_mot_tip_ebook/msg_20260122_174045_127.txt,47,47,0,ok
telegram_mot_tip_ebook/msg_20260122_173335_516.txt,292,323,8,ok
telegram_mot_tip_ebook/msg_20260122_174045_57.txt,21,21,0,ok
telegram_mot_tip_ebook/msg_20260122_174045_214.txt,35,35,1,ok
telegram_mot_tip_ebook/msg_20260122_173046_181.txt,69,75,0,ok
telegram_mot_tip_ebook/msg_20260122_173046_346.txt,49,53,1,ok
telegram_mot_tip_ebook/msg_20260427_213939_23.txt,10,10,0,ok
telegram_mot_tip_ebook/msg_20260122_174045_952.txt,15,21,0,ok
telegram_mot_tip_ebook/msg_20260427_213939_447.txt,0,20,0,ok
telegram_mot_tip_ebook/msg_20260122_174045_972.txt,14,32,0,ok
telegram_mot_tip_ebook/msg_20260122_174045_1509.txt,10,15,0,ok
telegram_mot_tip_ebook/msg_20260427_213939_397.txt,8,10,0,ok
telegram_mot_tip_ebook/msg_20260122_173335_1721.txt,1126,1515,33,ok
telegram_mot_tip_ebook/msg_20260427_213939_52.txt,16,19,0,ok
telegram_mot_tip_ebook/msg_20260427_213939_267.txt,0,2,0,ok
telegram_mot_tip_ebook/msg_20260122_174045_2206.txt,19,20,0,ok
telegram_mot_tip_ebook/msg_20260122_174045_2208.txt,14,14,0,ok
telegram_mot_tip_ebook/msg_20260122_174045_2668.txt,0,22,0,ok
telegram_mot_tip_ebook/msg_20260122_174045_2184.txt,25,27,1,ok
telegram_mot_tip_ebook/msg_20260122_174045_990.txt,19,26,0,ok
telegram_mot_tip_ebook/msg_20260122_174045_1192.txt,16,16,0,ok
telegram_mot_tip_ebook/msg_20260122_174045_2684.txt,18,19,1,ok
telegram_mot_tip_ebook/msg_20260122_174045_2680.txt,12,12,0,ok
telegram_mot_tip_ebook/msg_20260427_213939_262.txt,42,52,0,ok
telegram_mot_tip_ebook/msg_20260427_213939_545.txt,32,32,0,ok
telegram_mot_tip_ebook/msg_20260122_174045_989.txt,14,22,1,ok
telegram_mot_tip_ebook/msg_20260427_213939_361.txt,23,23,2,ok
telegram_mot_tip_ebook/msg_20260427_213939_499.txt,34,36,0,ok
telegram_mot_tip_ebook/msg_20260427_213939_223.txt,15,21,0,ok
telegram_mot_tip_ebook/msg_20260122_174338_780.txt,9,9,0,ok
telegram_mot_tip_ebook/msg_20260122_173335_230.txt,0,139,0,ok
telegram_mot_tip_ebook/msg_20260427_213939_557.txt,180,204,6,ok
telegram_mot_tip_ebook/msg_20260122_174045_156.txt,37,37,2,ok
telegram_mot_tip_ebook/msg_20260122_174045_2655.txt,0,47,0,ok
telegram_mot_tip_ebook/msg_20260427_213939_288.txt,19,21,0,ok
telegram_mot_tip_ebook/msg_20260122_173335_23.txt,38,64,0,ok
telegram_mot_tip_ebook/msg_20260122_174045_2650.txt,17,18,1,ok
telegram_mot_tip_ebook/msg_20260122_174045_1077.txt,10,10,1,ok
telegram_mot_tip_ebook/msg_20260122_174338_1152.txt,0,1,0,ok
telegram_mot_tip_ebook/msg_20260122_173335_2436.txt,97,106,0,ok
telegram_mot_tip_ebook/msg_20260122_173335_346.txt,49,53,1,ok
telegram_mot_tip_ebook/msg_20260427_213939_461.txt,31,32,1,ok
telegram_mot_tip_ebook/msg_20260427_213939_611.txt,368,412,3,ok
telegram_mot_tip_ebook/msg_20260427_213939_516.txt,10,10,0,ok
telegram_mot_tip_ebook/msg_20260427_213939_156.txt,39,41,0,ok
telegram_mot_tip_ebook/msg_20260122_173046_349.txt,50,57,1,ok
telegram_mot_tip_ebook/msg_20260427_213939_496.txt,60,66,0,ok
telegram_mot_tip_ebook/msg_20260122_173335_306.txt,88,106,2,ok
telegram_mot_tip_ebook/msg_20260122_174045_2057.txt,42,46,1,ok
telegram_mot_tip_ebook/msg_20260427_213939_279.txt,26,28,0,ok
telegram_mot_tip_ebook/msg_20260122_173335_2666.txt,163,183,0,ok
telegram_mot_tip_ebook/msg_20260122_174045_535.txt,29,29,0,ok
telegram_mot_tip_ebook/msg_20260122_174045_2333.txt,8,17,0,ok
telegram_mot_tip_ebook/msg_20260122_174045_219.txt,41,44,0,ok
telegram_mot_tip_ebook/msg_20260122_173046_21.txt,38,64,0,ok
telegram_mot_tip_ebook/msg_20260122_174045_2656.txt,15,15,0,ok
telegram_mot_tip_ebook/msg_20260122_174045_31.txt,39,39,2,ok
telegram_mot_tip_ebook/msg_20260122_173046_48.txt,108,125,0,ok
telegram_mot_tip_ebook/msg_20260427_213939_333.txt,30,31,0,ok
telegram_mot_tip_ebook/msg_20260122_173335_185.txt,201,227,3,ok
telegram_mot_tip_ebook/msg_20260427_213939_192.txt,6,6,0,ok
telegram_mot_tip_ebook/msg_20260427_213939_533.txt,0,3,0,ok
telegram_mot_tip_ebook/msg_20260122_174045_1728.txt,17,17,0,ok
telegram_mot_tip_ebook/msg_20260122_173335_184.txt,92,102,2,ok
telegram_mot_tip_ebook/msg_20260122_173335_1650.txt,112,148,5,ok
telegram_mot_tip_ebook/msg_20260427_213939_165.txt,1,1,0,ok
telegram_mot_tip_ebook/msg_20260427_213939_71.txt,38,39,1,ok
telegram_mot_tip_ebook/msg_20260427_213939_6.txt,11,16,1,ok
telegram_mot_tip_ebook/msg_20260122_174338_49.txt,0,3,0,ok
telegram_mot_tip_ebook/msg_20260122_174338_497.txt,8,8,0,ok
telegram_mot_tip_ebook/msg_20260122_174045_2888.txt,0,17,0,ok
telegram_mot_tip_ebook/msg_20260427_213939_597.txt,105,108,0,ok
telegram_mot_tip_ebook/msg_20260122_174338_2687.txt,7,7,0,ok
telegram_mot_tip_ebook/msg_20260122_174045_318.txt,36,38,2,ok
telegram_mot_tip_ebook/msg_20260122_174045_2682.txt,20,21,1,ok
telegram_mot_tip_ebook/msg_20260427_213939_187.txt,85,99,0,ok
telegram_mot_tip_ebook/msg_20260122_174045_2220.txt,27,30,0,ok
telegram_mot_tip_ebook/msg_20260122_173335_2041.txt,42,53,0,ok
telegram_mot_tip_ebook/msg_20260427_213939_501.txt,49,54,0,ok
telegram_mot_tip_ebook/msg_20260122_174045_103.txt,17,25,0,ok
telegram_mot_tip_ebook/msg_20260427_213939_553.txt,29,31,0,ok
telegram_mot_tip_ebook/msg_20260122_174338_1502.txt,7,9,0,ok
telegram_mot_tip_ebook/msg_20260427_213939_489.txt,31,34,1,ok
telegram_mot_tip_ebook/msg_20260427_213939_21.txt,521,566,0,ok
telegram_mot_tip_ebook/msg_20260122_173335_2521.txt,56,59,0,ok
telegram_mot_tip_ebook/msg_20260427_213939_30.txt,12,16,0,ok
telegram_mot_tip_ebook/msg_20260122_174045_2576.txt,0,29,0,ok
telegram_mot_tip_ebook/msg_20260122_174338_5.txt,7,7,0,ok
telegram_mot_tip_ebook/msg_20260427_213939_125.txt,12,12,0,ok
telegram_mot_tip_ebook/msg_20260122_173046_153.txt,101,113,0,ok
telegram_mot_tip_ebook/msg_20260122_174045_2724.txt,19,21,1,ok
telegram_mot_tip_ebook/msg_20260122_174045_420.txt,24,25,2,ok
telegram_mot_tip_ebook/msg_20260122_174045_1040.txt,24,25,0,ok
telegram_mot_tip_ebook/msg_20260122_174045_1317.txt,11,11,1,ok
telegram_mot_tip_ebook/msg_20260122_173046_233.txt,99,134,0,ok
telegram_mot_tip_ebook/msg_20260122_174045_1584.txt,16,16,1,ok
telegram_mot_tip_ebook/msg_20260427_213939_73.txt,220,263,4,ok
telegram_mot_tip_ebook/msg_20260122_173335_461.txt,57,59,0,ok
telegram_mot_tip_ebook/msg_20260427_213939_119.txt,45,46,1,ok
telegram_mot_tip_ebook/msg_20260122_174045_651.txt,13,20,0,ok
telegram_mot_tip_ebook/msg_20260122_174045_460.txt,19,19,1,ok
telegram_mot_tip_ebook/msg_20260122_174045_2003.txt,27,37,1,ok
telegram_mot_tip_ebook/msg_20260122_174338_468.txt,8,8,0,ok
telegram_mot_tip_ebook/msg_20260122_173335_114.txt,59,60,0,ok
telegram_mot_tip_ebook/msg_20260122_173335_2144.txt,199,223,16,ok
telegram_mot_tip_ebook/msg_20260122_174045_1021.txt,31,32,0,ok
telegram_mot_tip_ebook/msg_20260427_213939_268.txt,17,17,0,ok
telegram_mot_tip_ebook/msg_20260122_173335_112.txt,52,55,3,ok
telegram_mot_tip_ebook/msg_20260122_173335_25.txt,38,64,0,ok
telegram_mot_tip_ebook/msg_20260122_173046_44.txt,103,122,0,ok
telegram_mot_tip_ebook/msg_20260427_213939_573.txt,134,141,0,ok
telegram_mot_tip_ebook/msg_20260122_173046_71.txt,48,52,0,ok
telegram_mot_tip_ebook/msg_20260122_173335_2117.txt,72,87,1,ok
telegram_mot_tip_ebook/msg_20260122_173046_133.txt,61,65,2,ok
telegram_mot_tip_ebook/msg_20260427_213939_567.txt,44,47,1,ok
telegram_mot_tip_ebook/msg_20260122_174045_1722.txt,0,15,0,ok
telegram_mot_tip_ebook/msg_20260122_174045_1111.txt,16,16,0,ok
telegram_mot_tip_ebook/msg_20260427_213939_246.txt,31,32,0,ok
telegram_mot_tip_ebook/msg_20260122_173335_983.txt,75,89,2,ok
telegram_mot_tip_ebook/msg_20260427_213939_220.txt,6,10,0,ok
telegram_mot_tip_ebook/msg_20260122_174045_781.txt,10,10,0,ok
telegram_mot_tip_ebook/msg_20260122_174045_2443.txt,17,24,0,ok
telegram_mot_tip_ebook/msg_20260122_174045_782.txt,33,33,1,ok
telegram_mot_tip_ebook/msg_20260122_174338_422.txt,9,9,0,ok
telegram_mot_tip_ebook/msg_20260122_174045_1414.txt,9,10,0,ok
telegram_mot_tip_ebook/msg_20260122_173046_187.txt,226,252,6,ok
telegram_mot_tip_ebook/msg_20260122_173335_615.txt,213,256,5,ok
telegram_mot_tip_ebook/msg_20260427_213939_497.txt,24,32,0,ok
telegram_mot_tip_ebook/msg_20260427_213939_379.txt,9,9,0,ok
telegram_mot_tip_ebook/msg_20260122_173335_978.txt,54,72,4,ok
telegram_mot_tip_ebook/msg_20260122_174045_1197.txt,10,10,0,ok
telegram_mot_tip_ebook/msg_20260122_174045_366.txt,35,41,0,ok
telegram_mot_tip_ebook/msg_20260122_174045_845.txt,21,22,0,ok
telegram_mot_tip_ebook/msg_20260122_174045_430.txt,10,12,0,ok
telegram_mot_tip_ebook/msg_20260122_174045_2706.txt,0,17,0,ok
telegram_mot_tip_ebook/msg_20260122_174045_2670.txt,24,25,0,ok
telegram_mot_tip_ebook/msg_20260122_174045_2876.txt,0,17,0,ok
telegram_mot_tip_ebook/msg_20260122_174045_222.txt,45,48,0,ok
telegram_mot_tip_ebook/msg_20260122_174045_1530.txt,11,17,0,ok
telegram_mot_tip_ebook/msg_20260122_173335_925.txt,110,147,4,ok
telegram_mot_tip_ebook/msg_20260122_173335_2522.txt,147,163,1,ok
telegram_mot_tip_ebook/msg_20260122_173335_2387.txt,202,235,5,ok
telegram_mot_tip_ebook/msg_20260122_174045_976.txt,13,23,0,ok
telegram_mot_tip_ebook/msg_20260427_213939_307.txt,55,57,1,ok
telegram_mot_tip_ebook/msg_20260122_174045_2040.txt,37,40,2,ok
telegram_mot_tip_ebook/msg_20260122_174045_418.txt,21,23,0,ok
telegram_mot_tip_ebook/msg_20260122_174045_1476.txt,19,24,0,ok
telegram_mot_tip_ebook/msg_20260122_173335_767.txt,50,52,1,ok
telegram_mot_tip_ebook/msg_20260122_174045_59.txt,10,10,0,ok
telegram_mot_tip_ebook/msg_20260122_174045_449.txt,18,18,0,ok
telegram_mot_tip_ebook/msg_20260427_213939_560.txt,38,39,0,ok
telegram_mot_tip_ebook/msg_20260122_173335_345.txt,48,52,2,ok
telegram_mot_tip_ebook/msg_20260122_173335_181.txt,69,75,0,ok
telegram_mot_tip_ebook/msg_20260122_174045_2122.txt,26,27,0,ok
telegram_mot_tip_ebook/msg_20260122_173046_33.txt,208,232,0,ok
telegram_mot_tip_ebook/msg_20260122_174045_2572.txt,0,29,0,ok
telegram_mot_tip_ebook/msg_20260122_174045_75.txt,13,15,0,ok
telegram_mot_tip_ebook/msg_20260122_174045_2416.txt,12,13,0,ok
telegram_mot_tip_ebook/msg_20260122_174045_2055.txt,35,36,0,ok
telegram_mot_tip_ebook/msg_20260427_213939_203.txt,0,4,0,ok
telegram_mot_tip_ebook/msg_20260122_173335_2069.txt,61,73,1,ok
telegram_mot_tip_ebook/msg_20260122_174338_442.txt,4,5,0,ok
telegram_mot_tip_ebook/msg_20260427_213939_387.txt,17,19,0,ok
telegram_mot_tip_ebook/msg_20260427_213939_477.txt,43,43,0,ok
telegram_mot_tip_ebook/msg_20260122_174045_1318.txt,11,11,1,ok
telegram_mot_tip_ebook/msg_20260427_213939_43.txt,24,25,0,ok
telegram_mot_tip_ebook/msg_20260122_173335_1191.txt,52,56,1,ok
telegram_mot_tip_ebook/msg_20260427_213939_482.txt,4,4,0,ok
telegram_mot_tip_ebook/msg_20260122_173335_2239.txt,55,57,4,ok
telegram_mot_tip_ebook/msg_20260122_174045_2335.txt,18,18,0,ok
telegram_mot_tip_ebook/msg_20260427_213939_224.txt,11,12,0,ok
telegram_mot_tip_ebook/msg_20260427_213939_368.txt,14,14,0,ok
telegram_mot_tip_ebook/msg_20260427_213939_200.txt,45,61,0,ok
telegram_mot_tip_ebook/msg_20260122_173046_185.txt,201,227,3,ok
telegram_mot_tip_ebook/msg_20260122_174045_385.txt,21,23,0,ok
telegram_mot_tip_ebook/msg_20260122_174045_2663.txt,23,24,0,ok
telegram_mot_tip_ebook/msg_20260427_213939_356.txt,48,73,1,ok
telegram_mot_tip_ebook/msg_20260427_213939_58.txt,40,43,2,ok
telegram_mot_tip_ebook/msg_20260427_213939_66.txt,10,10,0,ok
telegram_mot_tip_ebook/msg_20260122_174045_2073.txt,16,16,1,ok
telegram_mot_tip_ebook/msg_20260427_213939_263.txt,28,35,0,ok
telegram_mot_tip_ebook/msg_20260122_174338_2441.txt,3,3,0,ok
telegram_mot_tip_ebook/msg_20260427_213939_458.txt,44,46,0,ok
telegram_mot_tip_ebook/msg_20260427_213939_338.txt,15,50,0,ok
telegram_mot_tip_ebook/msg_20260122_174045_1702.txt,18,18,2,ok
telegram_mot_tip_ebook/msg_20260122_173335_2696.txt,57,59,1,ok
telegram_mot_tip_ebook/msg_20260427_213939_483.txt,28,30,1,ok
telegram_mot_tip_ebook/msg_20260122_174045_1175.txt,31,36,0,ok
telegram_mot_tip_ebook/msg_20260122_173335_2683.txt,87,92,4,ok
telegram_mot_tip_ebook/msg_20260122_173335_472.txt,60,83,3,ok
telegram_mot_tip_ebook/msg_20260427_213939_16.txt,13,13,0,ok
telegram_mot_tip_ebook/msg_20260427_213939_382.txt,4,4,0,ok
telegram_mot_tip_ebook/msg_20260122_173335_955.txt,194,222,8,ok
telegram_mot_tip_ebook/msg_20260427_213939_556.txt,34,35,0,ok
telegram_mot_tip_ebook/msg_20260122_174045_531.txt,12,12,0,ok
telegram_mot_tip_ebook/msg_20260427_213939_41.txt,56,58,0,ok
telegram_mot_tip_ebook/msg_20260122_174045_1521.txt,11,14,0,ok
telegram_mot_tip_ebook/msg_20260122_174045_2157.txt,16,16,1,ok
telegram_mot_tip_ebook/msg_20260122_174338_2716.txt,7,7,1,ok
telegram_mot_tip_ebook/msg_20260427_213939_339.txt,7,7,0,ok
telegram_mot_tip_ebook/msg_20260122_173335_986.txt,47,59,0,ok
telegram_mot_tip_ebook/msg_20260122_173046_367.txt,113,130,3,ok
telegram_mot_tip_ebook/msg_20260427_213939_65.txt,25,27,0,ok
telegram_mot_tip_ebook/msg_20260122_174045_546.txt,5,27,0,ok
telegram_mot_tip_ebook/msg_20260122_174045_848.txt,29,30,0,ok
telegram_mot_tip_ebook/msg_20260122_174045_2821.txt,20,26,1,ok
telegram_mot_tip_ebook/msg_20260122_174045_1406.txt,31,31,1,ok
telegram_mot_tip_ebook/msg_20260122_173046_131.txt,43,51,1,ok
telegram_mot_tip_ebook/msg_20260122_174338_2038.txt,0,5,0,ok
telegram_mot_tip_ebook/msg_20260122_173046_17.txt,54,56,1,ok
telegram_mot_tip_ebook/msg_20260427_213939_466.txt,726,784,0,ok
telegram_mot_tip_ebook/msg_20260122_174045_1109.txt,16,16,0,ok
telegram_mot_tip_ebook/msg_20260427_213939_236.txt,24,88,0,ok
telegram_mot_tip_ebook/msg_20260122_174338_1557.txt,0,7,0,ok
telegram_mot_tip_ebook/msg_20260122_174045_191.txt,28,29,0,ok
telegram_mot_tip_ebook/msg_20260122_174045_855.txt,24,24,1,ok
telegram_mot_tip_ebook/msg_20260122_173335_945.txt,150,157,5,ok
telegram_mot_tip_ebook/msg_20260427_213939_479.txt,36,47,0,ok
telegram_mot_tip_ebook/msg_20260122_173046_132.txt,66,70,3,ok
telegram_mot_tip_ebook/msg_20260427_213939_537.txt,21,22,1,ok
telegram_mot_tip_ebook/msg_20260427_213939_311.txt,14,15,1,ok
telegram_mot_tip_ebook/msg_20260427_213939_121.txt,45,46,1,ok
telegram_mot_tip_ebook/msg_20260122_173335_144.txt,104,108,0,ok
telegram_mot_tip_ebook/msg_20260122_174045_2478.txt,13,13,0,ok
telegram_mot_tip_ebook/msg_20260122_173335_517.txt,49,53,0,ok
telegram_mot_tip_ebook/msg_20260122_174045_2240.txt,14,14,0,ok
telegram_mot_tip_ebook/msg_20260122_174045_587.txt,17,17,0,ok
telegram_mot_tip_ebook/msg_20260122_174045_1020.txt,13,13,0,ok
telegram_mot_tip_ebook/msg_20260122_173335_1541.txt,503,696,14,ok
telegram_mot_tip_ebook/msg_20260122_174045_83.txt,37,38,0,ok
telegram_mot_tip_ebook/msg_20260122_173335_2805.txt,75,89,3,ok
telegram_mot_tip_ebook/msg_20260427_213939_3.txt,72,77,0,ok
telegram_mot_tip_ebook/msg_20260122_174045_1269.txt,31,32,0,ok
telegram_mot_tip_ebook/msg_20260427_213939_532.txt,64,64,1,ok
telegram_mot_tip_ebook/msg_20260427_213939_304.txt,39,42,0,ok
telegram_mot_tip_ebook/msg_20260122_174338_2356.txt,0,2,0,ok
telegram_mot_tip_ebook/msg_20260427_213939_517.txt,29,29,0,ok
telegram_mot_tip_ebook/msg_20260427_213939_194.txt,17,26,0,ok
telegram_mot_tip_ebook/msg_20260427_213939_5.txt,45,57,0,ok
telegram_mot_tip_ebook/msg_20260122_173335_537.txt,67,68,2,ok
telegram_mot_tip_ebook/msg_20260122_173335_1061.txt,88,145,0,ok
telegram_mot_tip_ebook/msg_20260122_174045_1323.txt,0,37,0,ok
telegram_mot_tip_ebook/msg_20260122_174045_2693.txt,21,22,0,ok
telegram_mot_tip_ebook/msg_20260122_174045_2371.txt,27,31,1,ok
telegram_mot_tip_ebook/msg_20260122_174045_2574.txt,0,29,0,ok
telegram_mot_tip_ebook/msg_20260122_174338_2677.txt,9,9,0,ok
telegram_mot_tip_ebook/msg_20260122_174045_2708.txt,12,13,0,ok
telegram_mot_tip_ebook/msg_20260122_174338_856.txt,6,6,0,ok
telegram_mot_tip_ebook/msg_20260427_213939_222.txt,34,40,0,ok
telegram_mot_tip_ebook/msg_20260427_213939_583.txt,51,55,0,ok
telegram_mot_tip_ebook/msg_20260122_174045_2204.txt,11,15,0,ok
telegram_mot_tip_ebook/msg_20260122_173046_154.txt,49,55,0,ok
telegram_mot_tip_ebook/msg_20260122_173046_22.txt,50,76,0,ok
telegram_mot_tip_ebook/msg_20260122_174045_2432.txt,14,14,0,ok
telegram_mot_tip_ebook/msg_20260427_213939_157.txt,0,1,0,ok
telegram_mot_tip_ebook/msg_20260122_174045_2702.txt,21,22,0,ok
telegram_mot_tip_ebook/msg_20260427_213939_124.txt,35,37,0,ok
telegram_mot_tip_ebook/msg_20260427_213939_381.txt,9,9,0,ok
telegram_mot_tip_ebook/msg_20260122_174045_953.txt,19,22,1,ok
telegram_mot_tip_ebook/msg_20260122_174045_1279.txt,38,43,0,ok
telegram_mot_tip_ebook/msg_20260122_173335_471.txt,214,266,8,ok
telegram_mot_tip_ebook/msg_20260122_173335_1153.txt,126,135,0,ok
telegram_mot_tip_ebook/msg_20260427_213939_31.txt,21,21,0,ok
telegram_mot_tip_ebook/msg_20260122_173335_1411.txt,2866,3080,0,ok
telegram_mot_tip_ebook/msg_20260427_213939_51.txt,0,10,0,ok
telegram_mot_tip_ebook/msg_20260122_174338_2154.txt,0,5,0,ok
telegram_mot_tip_ebook/msg_20260122_174045_2661.txt,12,12,0,ok
telegram_mot_tip_ebook/msg_20260427_213939_162.txt,99,124,2,ok
telegram_mot_tip_ebook/msg_20260122_174045_534.txt,10,10,0,ok
telegram_mot_tip_ebook/msg_20260427_213939_514.txt,45,49,0,ok
telegram_mot_tip_ebook/msg_20260427_213939_309.txt,15,23,2,ok
telegram_mot_tip_ebook/msg_20260122_174045_2230.txt,20,22,2,ok
telegram_mot_tip_ebook/msg_20260427_213939_27.txt,28,28,1,ok
telegram_mot_tip_ebook/msg_20260427_213939_524.txt,77,82,3,ok
telegram_mot_tip_ebook/msg_20260427_213939_374.txt,21,22,0,ok
telegram_mot_tip_ebook/msg_20260122_173046_169.txt,65,69,1,ok
telegram_mot_tip_ebook/msg_20260122_174045_202.txt,36,38,0,ok
telegram_mot_tip_ebook/msg_20260427_213939_92.txt,10,10,0,ok
telegram_mot_tip_ebook/msg_20260122_173335_32.txt,48,51,0,ok
telegram_mot_tip_ebook/msg_20260122_174045_1228.txt,24,48,1,ok
telegram_mot_tip_ebook/msg_20260122_173335_1441.txt,92,103,3,ok
telegram_mot_tip_ebook/msg_20260122_173335_2893.txt,62,76,0,ok
telegram_mot_tip_ebook/msg_20260122_174045_63.txt,27,28,0,ok
telegram_mot_tip_ebook/msg_20260122_174045_2889.txt,0,17,0,ok
telegram_mot_tip_ebook/msg_20260427_213939_46.txt,10,10,0,ok
telegram_mot_tip_ebook/msg_20260122_174045_2203.txt,41,43,0,ok
telegram_mot_tip_ebook/msg_20260122_173046_20.txt,265,287,0,ok
telegram_mot_tip_ebook/msg_20260122_173046_193.txt,239,268,0,ok
telegram_mot_tip_ebook/msg_20260122_174045_2678.txt,18,19,0,ok
telegram_mot_tip_ebook/msg_20260122_173046_85.txt,387,437,7,ok
telegram_mot_tip_ebook/msg_20260427_213939_1.txt,13,13,0,ok
telegram_mot_tip_ebook/msg_20260427_213939_521.txt,3,3,0,ok
telegram_mot_tip_ebook/msg_20260122_174338_2431.txt,8,8,1,ok
telegram_mot_tip_ebook/msg_20260427_213939_168.txt,38,39,0,ok
telegram_mot_tip_ebook/msg_20260122_174045_2671.txt,13,13,0,ok
telegram_mot_tip_ebook/msg_20260122_174045_2267.txt,43,46,1,ok
telegram_mot_tip_ebook/msg_20260122_173335_1556.txt,41,52,1,ok
telegram_mot_tip_ebook/msg_20260122_174045_959.txt,10,12,0,ok
telegram_mot_tip_ebook/msg_20260122_174045_81.txt,31,32,0,ok
telegram_mot_tip_ebook/msg_20260427_213939_289.txt,4,4,0,ok
telegram_mot_tip_ebook/msg_20260122_174045_2233.txt,15,15,0,ok
telegram_mot_tip_ebook/msg_20260427_213939_493.txt,9,9,0,ok
telegram_mot_tip_ebook/msg_20260122_173335_2067.txt,203,244,4,ok
telegram_mot_tip_ebook/msg_20260427_213939_189.txt,25,26,0,ok
telegram_mot_tip_ebook/msg_20260427_213939_596.txt,15,16,0,ok
telegram_mot_tip_ebook/msg_20260122_174045_2887.txt,0,17,0,ok
telegram_mot_tip_ebook/msg_20260122_174045_551.txt,23,32,2,ok
telegram_mot_tip_ebook/msg_20260122_174045_458.txt,41,47,0,ok
telegram_mot_tip_ebook/msg_20260427_213939_478.txt,10,10,0,ok
telegram_mot_tip_ebook/msg_20260122_174045_2688.txt,28,29,1,ok
telegram_mot_tip_ebook/msg_20260122_174045_2095.txt,21,21,0,ok
telegram_mot_tip_ebook/msg_20260427_213939_260.txt,17,17,0,ok
telegram_mot_tip_ebook/msg_20260427_213939_571.txt,10,27,1,ok
telegram_mot_tip_ebook/msg_20260122_174045_148.txt,21,23,0,ok
telegram_mot_tip_ebook/msg_20260122_174045_227.txt,45,48,0,ok
telegram_mot_tip_ebook/msg_20260122_173335_213.txt,61,65,0,ok
telegram_mot_tip_ebook/msg_20260122_174338_2330.txt,4,4,0,ok
telegram_mot_tip_ebook/msg_20260122_174045_146.txt,40,42,0,ok
telegram_mot_tip_ebook/msg_20260427_213939_528.txt,24,24,0,ok
telegram_mot_tip_ebook/msg_20260122_174045_2739.txt,18,19,0,ok
telegram_mot_tip_ebook/msg_20260122_173335_1056.txt,240,594,3,ok
telegram_mot_tip_ebook/msg_20260122_174045_2704.txt,41,43,1,ok
telegram_mot_tip_ebook/msg_20260122_174045_340.txt,29,31,0,ok
telegram_mot_tip_ebook/msg_20260122_174338_1864.txt,0,6,0,ok
telegram_mot_tip_ebook/msg_20260122_174045_1025.txt,21,22,0,ok
telegram_mot_tip_ebook/msg_20260122_174045_2215.txt,25,27,1,ok
telegram_mot_tip_ebook/msg_20260122_173335_2573.txt,57,86,2,ok
telegram_mot_tip_ebook/msg_20260122_174338_2006.txt,6,7,0,ok
telegram_mot_tip_ebook/msg_20260122_173046_111.txt,51,55,1,ok
telegram_mot_tip_ebook/msg_20260122_174045_347.txt,30,33,0,ok
telegram_mot_tip_ebook/msg_20260122_173335_2435.txt,56,62,0,ok
telegram_mot_tip_ebook/msg_20260122_173335_1452.txt,288,389,10,ok
telegram_mot_tip_ebook/msg_20260122_173335_24.txt,50,76,0,ok
telegram_mot_tip_ebook/msg_20260122_173046_134.txt,50,54,0,ok
telegram_mot_tip_ebook/msg_20260427_213939_511.txt,24,24,0,ok
telegram_mot_tip_ebook/msg_20260122_173335_1076.txt,53,56,0,ok
telegram_mot_tip_ebook/msg_20260122_173335_235.txt,122,165,0,ok
telegram_mot_tip_ebook/msg_20260427_213939_72.txt,41,45,1,ok
telegram_mot_tip_ebook/msg_20260122_174045_1087.txt,0,29,0,ok
telegram_mot_tip_ebook/msg_20260427_213939_166.txt,118,127,0,ok
telegram_mot_tip_ebook/msg_20260122_174045_2657.txt,0,47,0,ok
telegram_mot_tip_ebook/msg_20260122_173335_1972.txt,14,59,0,ok
telegram_mot_tip_ebook/msg_20260427_213939_64.txt,10,10,0,ok
telegram_mot_tip_ebook/msg_20260122_173335_2029.txt,123,128,0,ok
telegram_mot_tip_ebook/msg_20260122_173335_33.txt,208,232,0,ok
telegram_mot_tip_ebook/msg_20260122_174045_2625.txt,0,29,0,ok
telegram_mot_tip_ebook/msg_20260122_174045_106.txt,34,34,0,ok
telegram_mot_tip_ebook/msg_20260122_174045_429.txt,21,21,0,ok
telegram_mot_tip_ebook/msg_20260122_174045_948.txt,0,35,0,ok
telegram_mot_tip_ebook/msg_20260427_213939_366.txt,31,44,1,ok
telegram_mot_tip_ebook/msg_20260427_213939_197.txt,35,38,0,ok
telegram_mot_tip_ebook/msg_20260427_213939_346.txt,22,24,0,ok
telegram_mot_tip_ebook/msg_20260427_213939_405.txt,41,41,0,ok
telegram_mot_tip_ebook/msg_20260122_174045_2623.txt,0,29,0,ok
telegram_mot_tip_ebook/msg_20260122_173335_147.txt,273,297,1,ok
telegram_mot_tip_ebook/msg_20260122_173335_233.txt,99,134,0,ok
telegram_mot_tip_ebook/msg_20260122_174045_18.txt,12,12,0,ok
telegram_mot_tip_ebook/msg_20260427_213939_175.txt,37,39,1,ok
telegram_mot_tip_ebook/msg_20260122_174045_2672.txt,19,20,0,ok
telegram_mot_tip_ebook/msg_20260122_174045_2753.txt,17,18,0,ok
telegram_mot_tip_ebook/msg_20260427_213939_536.txt,16,16,0,ok
telegram_mot_tip_ebook/msg_20260122_173335_1538.txt,41,53,1,ok
telegram_mot_tip_ebook/msg_20260122_174338_1459.txt,9,9,0,ok
telegram_mot_tip_ebook/msg_20260122_174045_90.txt,19,42,0,ok
telegram_mot_tip_ebook/msg_20260427_213939_539.txt,46,50,0,ok
telegram_mot_tip_ebook/msg_20260427_213939_559.txt,40,42,0,ok
telegram_mot_tip_ebook/msg_20260122_174045_2334.txt,0,29,0,ok
telegram_mot_tip_ebook/msg_20260122_174338_237.txt,0,6,0,ok
telegram_mot_tip_ebook/msg_20260427_213939_244.txt,29,29,0,ok
telegram_mot_tip_ebook/msg_20260122_174045_2728.txt,45,46,2,ok
telegram_mot_tip_ebook/msg_20260122_173335_176.txt,124,139,0,ok
telegram_mot_tip_ebook/msg_20260122_174045_1825.txt,0,24,0,ok
telegram_mot_tip_ebook/msg_20260122_174045_232.txt,40,44,0,ok
telegram_mot_tip_ebook/msg_20260427_213939_523.txt,61,66,0,ok
