cluster,count
ၚ်,950763
န်,522017
တ်,391514
က်,280291
မ,267743
ဝ်,248547
ဂှ်,230972
အ,209025
ပ,192817
ပ်,190446
ဂ,187762
ကဵု,170914
ဍု,164300
လ,157729
က,152127
ဟ်,150333
သ,126629
တ,123611
တုဲ,115837
ရ,115664
ရ။,104230
ပ္ဍဲ,103366
အ်,103235
ဒ,85938
အာ,84887
ဒှ်,83429
ညး,81691
ဂွံ,80888
ဟွံ,73991
ရေ,73137
မွဲ,72259
ခ,70210
လေ,67927
န,66892
တံ,62108
ဗ,60309
နူ,57096
စ,55835
ကွာ,55241
ဝွံ,54294
ကု,53979
ကောံ,51147
၁,50788
ရာ,49026
ကော,48459
ကျာ်,48171
ဒး,47634
ဝ,47508
ရ၊,47424
ဇ,46775
၂,43674
အို,43424
ကေ,42617
စို,42101
၀,42054
တိ,41966
မ္ဂး,40808
မၠို,40531
ကီု,40403
တို,40002
လိ,39913
မဳ,39239
ကၠု,39019
ဓ,38187
ဘာ,37898
ရော,37890
နွံ,37348
မံ,37246
မာ,36895
ဟီု,36664
။,36643
ကာ,36311
ထ,35619
ကူ,34958
မိ,33779
ယ,33438
ဇၞော်,33039
ပို,32473
ရဴ,32177
ဒု,31767
သာ,31334
သွ,30474
တု,30305
ဏံ,29126
သဳ,28213
ရို,28089
မ်,28064
ဝါ,27495
ရး,27337
ပွို,27146
နာ,26992
ဆ,26891
ဒၟံ,26769
ပါ,26377
သာ်,26233
တၠ,26173
မၞိ,26142
တဴ,25744
ညာ,23964
လု,23367
ဟို,22995
၃,22962
ပြ,22918
ဗွဲ,22465
ဗော်,22438
မု,22408
ပိုဲ,22276
သၟိ,21966
မၞုံ,21493
ကၠော,21474
သု,21223
တဳ,21154
သၞာံ,21151
သၟ,20148
ပၠ,20037
ဒေ,19981
သ္ပ,19888
ဖ,19600
လဵု,19443
တ္ၚဲ,19397
အဲ,19224
ဟ,19030
ခိ,18570
ၜို,18494
လာ,18491
ၚ်၊,18312
၊,18250
၅,18164
ပၞာ,18073
ရု,17949
တာ,17871
သီု,17846
နာဲ,17708
ဂၠို,17637
ဗီု,17101
တီ,16729
ဘ,16726
ဥ,16593
ပွ,16316
၄,16314
ညံ,16289
ကေုာံ,16092
ၜါ,16003
၉,15921
ဂိ,15874
တွဵု,15831
လော,15829
သေ,15763
ယွံ,15727
နိ,15466
ဟာ,15395
ဗြဴ,15168
က္က,15103
၈,14961
ဍာ်,14796
ယ်,14768
တေံ,14496
ကို,14470
ဍေံ,14237
ဏ်,14128
ဂို,13906
ပံ,13801
ဂး,13723
တှေ်,13549
ၚ်။,13294
တၞ,13105
၆,13079
မာဲ,12808
စၟ,12783
မ္မ,12763
ရိ,12623
ပိ,12471
ဗၟာ,12288
သိ,12270
ရ်,12173
ပု,12103
ဏာ,12041
ဇာ,12035
ခို,11939
တၟိ,11920
ထ္ၜး,11877
လို,11740
န်၊,11675
ဏ,11607
ဟေ,11540
လီု,11531
၇,11364
စု,11294
ဉ်,11277
ခေါ,11093
ဇြ,10951
အံ,10941
စာ,10872
ပေ,10806
သို,10679
မၠော,10596
ထေ,10512
တဲ,10493
ဒို,10472
ကၠာ,10349
သၟာ,10311
ရ၊၊,10199
ကၠ,10166
ဗု,10150
ဏော,10101
ဝေ,10038
ညိ,10035
ဓိ,9830
အု,9805
က္ဍို,9767
ဌာ,9674
သ္ၚိ,9455
ယာ,9218
ည,9092
တဵု,9090
ယု,9071
ဒါ,9020
ကြု,9008
တြဲ,8859
ဆဵု,8836
ဒၞာဲ,8813
တေ,8768
ပါ်,8735
တူ,8700
ဒဳ,8607
ဝိ,8586
ဒဵု,8512
သြ,8487
ဂု,8419
လံ,8379
ယၟု,8171
အ္စာ,8169
ရံ,8079
ဏီ,8035
လၟု,7984
ဇို,7902
ရုဲ,7889
ရီု,7796
ကြ,7758
ရဲ,7755
စွံ,7736
ၚ်း,7712
သၞော,7645
စဵု,7620
ချူ,7588
အော,7575
သ္ဂး,7549
လ်,7502
ကြာ,7461
အေ,7447
ဣ,7447
စိ,7447
ဍော,7379
မေ,7368
ကၠေံ,7344
ယဲ,7121
လး,7113
ကၟိ,6966
ဗို,6832
ကျာ,6829
န်း,6810
ဒ်,6725
ဇ်,6589
ဍို,6547
လုံ,6538
သၞေ,6534
ကော်,6532
ဂၠံ,6499
ပေါ,6495
ကီု၊,6458
တော,6401
ပူ,6369
သွာ,6361
ခေ,6268
နု,6233
ထံ,6205
စ္စ,6189
မ္ဂး၊,6186
လျို,6158
ညဳ,6140
မြ,6110
လ္တူ,6099
ထောံ,6085
တှ်ေ,6057
သော,6020
လ္ၚဵု,6020
ချ,6019
တ်၊,5994
ဖျေံ,5900
ကိ,5889
မူ,5854
ည်,5841
ကၠဳ,5834
ပြာ,5813
ကံ,5786
ဆံ,5745
သံ,5738
ဒိ,5690
န္တ,5680
သ္ဂောံ,5625
စၞး,5605
ဒြ,5565
ဒေါ,5523
တၟ,5521
န္ဒ,5475
နဲ,5466
စှ်,5439
လွ,5418
မ္တီ,5417
စေ,5393
ဍာံ,5385
ပေဲါ,5383
မော,5377
သေံ,5364
ရူ,5331
သၞာ,5316
ဂြို,5266
တၞံ,5251
တ္တ,5243
စဳ,5240
တၟံ,5196
ပေါဲ,5192
ပၟိ,5165
ဟံ,5145
ကြဴ,5138
ဋ်,5134
ချို,5120
ဿ,5106
သၠု,5103
တး,5097
လၟိ,5087
ဗၠး,5032
စဴ,4963
က္ခ,4955
သ္ကို,4912
ဖေ,4894
ပ္တ,4861
လွဳ,4722
ဍိ,4722
သ္ဒး,4718
ကၟာ,4715
စ်,4707
ၜ,4695
ဂၞ,4693
ဨ,4688
ၚ်္ဂ,4685
တြေံ,4671
ဒ္ဂေ,4604
ဥုဲ,4601
ဩ,4589
ဝ်၊,4538
အိ,4484
ပြံ,4470
ဂဵု,4443
ရဳ,4441
ပၟ,4439
ကွး,4429
ပ္တံ,4410
တွံ,4409
နေ,4397
ပ္တိ,4395
ဆေ,4382
ၜဳ,4369
ဓါ,4338
ကွေံ,4321
ပ္တို,4264
ဆာ,4220
တၠု,4202
ဗ္တော,4191
လ္ပာ်,4139
ဝဵု,4137
တြုံ,4127
ဗၞ,4121
က်၊,4105
ဇၟာ,4099
ဂေါ,4045
ကွဳ,4037
ကၠံ,4027
ယျ,4018
ဟ်၊,3981
စှ်ေ,3981
ဂါ,3972
သီ,3928
ဆု,3926
ဖဵု,3863
ပါဲ,3861
စှေ်,3845
ဇြဳ,3827
မှ,3816
ကာဲ,3806
ဍေ,3792
သ်,3780
ကွ,3770
န်။,3736
ညိ၊,3729
ဿဲ,3725
လၟေ,3718
ယေ,3705
က္တဵု,3695
မၞး,3682
ထော,3662
ဗော,3645
ပှ်,3612
ခါ,3608
ဗၠာဲ,3596
ကျ,3595
ဃော,3585
ၜး,3572
ဒ္ဓ,3563
ဂၠာဲ,3548
ယို,3546
လ္ပ,3544
လှာ,3508
လ္ၚ,3491
ဗာ,3488
ဖို,3481
ၚု,3481
ဟဵု,3455
ဇၞး,3452
စံ,3432
သ္ၚာ,3416
ပြဲ,3382
ဗြ,3370
ခၞံ,3363
မှာ,3354
စော,3337
သဵု,3329
ခြာ,3320
စောဲ,3304
ဇု,3303
ယော,3288
ချဳ,3283
ဖာ,3272
ဗိ,3257
သၠး,3249
သ္ဍို,3217
ရာဲ,3215
က္ခာ,3202
ဗ္ဒ,3158
စၞော,3155
ဘိ,3154
ဌ,3152
ဓု,3132
နဳ,3127
လဴ,3088
သွံ,3088
ဒ္ဒ,3075
ဗှ်,3060
ဝှ်,3046
ဗဵု,3027
သၟး,3025
ဂၠး,3023
တၟေ,3013
ဏ္ဍ,2993
စၟဳ,2934
ဘဲ,2908
ဟိ,2893
လဳ,2845
ကြိ,2827
တ္တိ,2809
ကၠို,2805
ဂြ,2805
လ္ဂု,2797
ဥူ,2781
ဂံ,2770
ထာ,2758
ဂၠိ,2739
ရွာ,2739
လၟို,2715
ဗေ,2705
ဂ်,2703
ဝဳ,2695
ကဴ,2686
ဗွို,2683
ထိ,2658
တြး,2645
ဓာ,2643
ကၠး,2637
ဗဳ,2636
ဒံ,2634
မ္ဒး,2606
ကၞာ,2596
ညိ။,2584
သ္ကံ,2581
ကွေ,2566
တြဴ,2530
စး,2523
ဋိ,2487
မ္ၚး,2472
ကှ်,2466
ဂ္ဂ,2466
ဗွ,2459
ဓီု,2455
ထို,2451
ပြေ,2441
ဏဳ,2425
ၚာ်,2418
လာ်,2401
ပြို,2400
ဂီု,2398
ကဲ,2396
ဂေ,2388
ဇေ,2354
ရှ,2340
ယာံ,2325
ဒၞာ,2325
ကၞ,2311
ပ္ကဴ,2310
ကၠေ,2290
ဂြော,2285
စၞ,2271
ဋ္ဌ,2271
ဒဴ,2262
ဍာ,2257
ဇြေ,2255
ၝောံ,2255
ဘု,2251
ချေ,2245
ဠ,2228
ပဲါ,2211
လောဲ,2198
ဝို,2192
ဒွ,2191
ယျာ,2185
သ္ဂု,2166
ယြဴ,2151
တော်,2118
ဘို,2117
ပ္ပ,2117
ဝေါ,2107
မ်း,2102
မျီု,2083
တ္ထု,2082
ပၞော,2073
ရှ်,2022
ထု,2021
ပၠို,2011
ၚ့်,1993
ခု,1990
ယး,1975
က္ဍ,1969
ဗ္ဗ,1963
နှ,1943
ဆော,1932
ဟု,1924
ဗျ,1915
ကြို,1911
ဇိ,1904
ခ်,1888
ဂူ,1886
ဝါဲ,1881
ကၞေ,1878
ဏ္ဏ,1871
ပ္ပါ,1870
တ္တာ,1869
ဂၠ,1854
ဗ္ၚ,1853
တ်။,1852
တၞး,1852
ဝု,1841
ဘဴ,1806
ကၠိ,1797
မ္ၚဵု,1796
သှ်ေ,1794
ပ်၊,1791
ဇဴ,1789
သြို,1780
ဝး,1776
လ္ၚော,1766
ဗၠေ,1765
ဒၞါဲ,1763
မၠိ,1754
တွ,1751
ဗၟံ,1749
စှော်,1748
မ္မာ,1744
ဖျု,1741
လျး,1741
က္လေ,1734
က္လိ,1733
တောဲ,1728
သၠေ,1727
လ္ၚီ,1726
ဖျေ,1721
လှ,1718
သ္ၚေ,1718
ပှော်,1717
ဖျာ,1716
ဂၠု,1710
ယူ,1706
ဟာ၊,1698
ကျေး,1696
မး,1694
သြောံ,1683
ကျော,1680
တုဲ၊,1674
ထ္ပ,1669
သှေ်,1645
မ္ဘာ,1641
ကု။,1625
မာံ,1622
ဂၠေ,1608
ဇြို,1606
ဆီ,1605
ဒူ,1605
အဴ,1605
ဆာဲ,1603
နို,1596
ပၟာ,1595
က္ည,1583
ဖံ,1578
တြု,1577
သူ,1567
ဗြဲ,1564
ဘုံ,1563
မဵု,1561
ဝဲ,1554
က္ၜ,1551
သ္ဇို,1544
ကြေ,1538
မျာ,1533
ကၟ,1526
ဖါ,1520
ဆိ,1519
ခၟို,1518
ဇြာ,1506
ရေး,1500
ဇူ,1500
တြ,1499
ဒေံ,1499
ယှေ,1484
ကၠောံ,1482
ဍ,1475
ၚ,1475
ဋ္ဌာ,1471
သော်,1462
န္ဓ,1461
ကၞော,1457
စ္ဆာ,1457
ဦး,1457
ကျေ,1452
ဟ်။,1444
ဟော,1444
မ္သာ,1438
ဇဳ,1427
မှု,1426
ၜံ,1424
သ္က,1420
သှ်,1416
သာဲ,1414
ဆို,1407
မို,1405
ဂျာ,1405
ဇီု,1393
စ္ဍး,1391
မဲ,1387
တၟာ,1375
ကး,1373
များ,1371
လျု,1368
အး,1364
ဗြံ,1364
ဇြဲ,1362
ပၠု,1361
သၠ,1345
လှို,1337
ဇြု,1334
သ္ၚဳ,1333
ကွာ်,1332
ယျဵု,1314
သၠာဲ,1309
မၠ,1307
ဗ္ဗာ,1306
ဍဳ,1305
မ္ပ,1302
လာံ,1296
ကဳ,1290
လှာဲ,1287
ဗ္တို,1275
ဒေံါ,1275
တၞော,1266
ပၞ,1264
ၝော,1263
ကု၊,1256
သၞ,1256
ဟၟဲ,1251
ဂျူ,1246
သး,1245
ယျေ,1243
ဆောံ,1240
မွ,1230
တၞု,1228
ကြံ,1222
ခုဲ,1220
ဂှ်၊,1205
ဖြ,1201
လ္လ,1201
စၠ,1200
ဗြေ,1194
ပြး,1190
တၠ၊,1190
နော်,1188
သြဳ,1181
ဌဳ,1181
ပဳ,1175
ဃာ,1175
သ္ၚောဲ,1169
တ္ထ,1168
ဒေါံ,1167
န္န,1167
တ္တံ,1166
ပွဳ,1161
ဉ္စ,1155
နော,1148
ၜူ,1147
ဥု,1142
ယာဲ,1139
ဂျ,1138
ပြဳ,1138
စွေ,1136
ဂၠဴ,1136
အ်၊,1132
ဝ်။,1125
တှ်,1122
ကြီး,1119
သၟု,1088
န္ဒိ,1080
မၠု,1074
သ္ဘ,1073
အဵု,1073
ယံ,1072
ဠိ,1069
ကျာံ,1067
ဇဵု,1064
သၞာံ၊,1052
ဒၠောံ,1052
ဗ္စ,1046
တုံ,1040
ချော,1040
ပျး,1035
စေံ,1033
ဗြီု,1027
ရှာ,1021
လှ်ေ,1021
သဲ,1020
ဂဳ,1019
ဘော,1019
လ္ၚု,1019
ရေံ,1016
ဝဲါ,1016
ဂၞဴ,1011
သ္ကု,1011
ည်။,1010
ဃ,1005
ပ္ညဳ,1001
မြာ,990
မြို,989
ပွူ,987
မွဲ၊,986
တၟး,983
ကျဳ,982
ဂြိ,982
က္ကု,980
မြိ,977
ကီု။,974
ယှ်,971
နံ,969
ပျု,968
ဂျို,960
သ္အာ,955
ဗ္ဒေ,954
ဇဲ,952
ဠေ,950
ကၠဵု,950
ဇ္ဇ,939
ပၠော,935
ဇၞော,932
ခၠ,930
ဟာဲ,929
ဖု,928
ဗ္တံ,927
လော်,925
ကၠီု,920
တောံ,918
ချေံ,916
အာ၊,909
မှိ,909
ဖော,903
ဇံ,899
စောံ,896
မြဴ,895
ဠာ,893
ဗြာ,891
နွံ၊,891
ဇွ,888
လဲ,887
ယှိုဲ,880
ပ္ၚံ,870
လီ,869
သၟီ,867
လာဲ,863
မ္တဴ,858
စာံ,857
ဗၞး,855
ဝံ,848
အုံ,845
အာဲ,845
ခဴ,841
ပၠံ,841
နှဴ,836
ဿီု,832
ဂျော,831
ဇ္ၚး,830
ဉာ,828
ရော၊,828
ဗ္ၜ,827
ဖိ,827
မျို,827
မျိုး,821
မ၊,813
ၜဵု,812
သ္ၚု,809
ရှ်ေ,808
ဒၞဲါ,802
ဗၞိ,800
ခ္ဍ,799
ယဳ,794
မၠာ,793
က်။,791
သၠဲ,789
ပ္တေ,788
စာ်,787
လေး,786
သား,785
ဗၞု,784
လှေ်,783
ကၠာ၊,780
လူ,777
ဏ္ဍိ,774
ထဴ,774
ည်း,772
ဇၞူ,770
ဂွိ,769
ယျို,769
ညော,763
ကှ်ေ,762
တၠဳ,762
ရှိ,759
ပြု,758
ရောံ,756
ဇွော,754
ဟာ။,753
ဋ,751
ၛာ,746
ဒ္ဓိ,745
ခံ,744
ဗၠို,743
ဗါ,743
ကွိ,743
တၞိ,742
ဇွိ,740
ဘူ,739
ဂဴ,734
မျေ,732
ခွ,732
ရော။,731
ဗ္တဳ,730
သာ၊,728
သၟေ,725
တ္ကံ,719
ဗ္စာ,713
န္ဒာ,710
မြေ,705
ပ္တီ,704
ဗၠဲ,700
ပွံ,697
ၜေ,691
ဆ္ဂး,689
နာ်,689
လေံ,688
ဖျဴ,679
ထီု,678
စူ,677
လျ,674
စၠောံ,674
ချု,673
တံ၊,673
ဂ္ဂဳ,672
မျှာ,671
အဳ,664
ကျို,664
ၚ်္ကာ,661
ဒှ်၊,660
ဗြု,658
ဘ်,658
သ္ကာ,657
လုဲ,654
ၚေ,653
ခြ,649
ထ္ၜို,648
ဂွ,645
ဍာဲ,644
သၞံ,643
ရှေ်,641
ဇှ်,640
သြေ,638
ရှေ,632
ပ္ၚ,631
ကြဳ,631
ဂွံ၊,630
မၠာ်,630
ၜု,629
ပဵု,627
ကော့,627
ဗှ်ေ,627
စဲ,626
ၚုဲ,625
ဒၞ,619
ပျူ,619
ဏီ၊,614
ဆုဲ,611
ညု,607
ပြော,602
ရာံ,600
ဂျေ,598
ဗျု,594
ဂွို,593
ပး,592
မ္ဂး။,591
မွဲ။,589
လောံ,588
လၟော,587
ၚံ,587
ပွး,585
ထုဲ,582
ပုံ,579
ချိ,579
ကၟာဲ,579
တိ၊,579
ကၠာဲ,577
လ၊,575
ဂျိ,572
ယဵု,572
က၊,569
ပ္တုဲ,568
လ္ဂ,564
ချး,563
ခါဲ,561
အဴ။,559
ဒျာ,559
ခၟဳ,558
ၝ,557
ယှေ်,555
နာ၊,555
န္တိ,554
လၟ,554
ကၞိ,546
ဒီ,543
သ္အး,543
ဂ္ၚေ,541
ၚာ,540
စ္စု,540
ဏ္ဍာ,538
ဖ္ဍို,536
ပ္က,533
တ္ၜို,533
ဂှ်။,531
ဒါဲ,530
ယ၊,529
ဍဵု,529
ပၠေ,529
တို့,528
ဒ္ဓါ,527
ဇၞော်၊,527
ထေဲ,527
ဇော,526
ဏိ,525
အုဲ,523
ကၞုဲ,523
ယှ်ေ,523
ဇ္ၛာ,522
သောဲ,520
မၞော်,520
သြံ,516
ပ္ည,515
ဖှ်,515
တ္ၚိ,515
ဒ္ကေ,514
ပြီး,514
ကွို,514
တ္ၚာ,513
ဗဴ,511
သၟူ,510
၏,508
ဘွဲ,505
မြံ,504
ဝါ၊,504
ဖဴ,504
ပြဴ,504
ဂ္ညိ,503
မ်၊,502
ဒၞါ,502
ဟ္မ,498
ချောဲ,497
ဖ္ဍော,496
ပ္ညု,494
တၟို,492
စီ,490
ခၞိ,488
ယှာ,487
ဗု၊,483
ဂး၊,481
ဒ္စာံ,478
ဒြေ,474
ဉ,472
ယှ,467
ပ္ဍဵု,467
ဒ္စါံ,466
စၞေ,465
လှ်,462
ဂၞဲ,461
လီု၊,460
မ္ၚို,459
ခဲ့,459
အဴ၊,459
ဒွံ,459
ဂြဳ,458
ဂၞိ,458
ကၟို,456
လျာ,452
ကျွ,452
လ္ပံ,450
မောံ,450
ဗ္ဒာဲ,448
႕,447
ခၟာဲ,447
ခြံ,447
က္ခေ,446
ပ္ဖ,445
ဂျဳ,440
နာံ,440
ဠော,437
အီ,437
ကြီု,437
ကာံ,434
မ္ၚု,433
ပ္ဍို,433
ဒွါ,431
က္ခု,431
သွး,429
ၚိ,429
တၟိ၊,429
စွ,429
ထဳ,428
ကြော,428
ဖျ,427
ဇြုံ,427
ဗျူ,426
သ္ဂံ,425
ဂး။,422
လှုဲ,419
ဂါံ,418
ကျာ၊,417
ဖြူ,417
ဘာ၊,416
ဏှာ,416
တုဲ။,415
တ်၊၊,414
ကျာ်၊,410
စၞာံ,407
န္ဓိ,407
ၚ်၊၊,407
ည့်,405
ထ်,404
ကူ၊,403
ဇး,401
ဿဳ,401
ပ္ပံ,400
ဂ္ဂိ,399
ဒ္ဒါ,397
ကၞု,396
မ္စံ,396
သ္ၚောံ,394
ဖေါ,393
မာ်,393
ပျဳ,391
ဗၟာ၊,391
ပြာ်,391
ကၟုဲ,389
ဒၟါ,387
ဂ္ဇံ,387
ဗျာ,387
ပ္တောံ,386
တီု,386
ဂြု,385
လုံး,384
တ္ရဲ,384
ဒ္စိ,384
ညာ၊,382
လှဲ,382
ရ်၊,382
ဂ်ှ,382
သေံ၊,379
ရော်,377
ရွှေ,377
ယျ၊,376
ဂြာ,376
ရား,376
န၊,376
တ၊,375
ထၞေ,375
သ၊,373
ဂၠေံ,372
မြော်,369
ဒၠို,369
မြို့,368
ဗြို,366
ဒြာဲ,366
တွဳ,365
သၠို,364
ဘာ်,363
ဟး,363
ဗ္တာ,363
ဍူ,362
သွို,362
မဴ,360
ဖ္အို,359
ထွ,357
သွံ၊,356
ၚ္ၚာ်,356
ဒၟာ,354
ကာ၊,352
သှု,352
ပ္ကောံ,351
ၜဲ,351
နီ,350
ဋ္ဌဳ,349
က္လး,349
ဗုဲ,349
အာ။,348
မ္ၚေ,348
ဖဲ,347
ဟဳ,347
ခဳ,346
ထား,345
သာံ,345
စ္ဆ,344
ရုံ,342
န္ဒူ,342
မာ၊,340
အ်။,340
ဇြိ,340
ပျဲ,340
တဲ၊,339
ရာ၊,339
ဍး,339
ဘဳ,338
ထော်,338
ဇၟ,337
ၜါ၊,337
ဒ္တ,336
ထ္ၜ,335
ရေဲ,335
ဖဳ,334
ဖွဲ့,334
မီး,334
ဋ္ဌိ,331
ဗြိ,329
မ္ၚောဲ,326
သဳ၊,326
ဂြာံ,326
စၠော,325
တာ၊,324
တၞီ,323
က္ဍု,323
မၠီု,323
ဇ္ဇာ,322
ညီ,320
ဏေ,320
ဒ္ဒဳ,320
ယီု,319
မၠေ,319
ဂြဲ,316
ရွ,316
ပ်။,315
ဏီ။,313
ယ်၊,313
ယိ,313
လ္ပါ်,312
က္ခိ,312
ပြောံ,311
ထၞာ,311
ဒီု,310
တဳ၊,309
မ္ဗု,309
မြော,308
တ္ၚ,308
ဝ၊,308
ပေါ်,308
သ္ဇ,306
ဗာ်,306
တ္က,305
ဿာ,305
သဴ,305
န္တု,305
ဒ္ဂို,304
မၠေံ,304
ဘီ,304
ၜဴ,303
လှိ,302
ဖျော,302
ကွဲ,301
ဒ္စး,300
ထၟာဲ,300
စိုး,299
တြိ,299
ပၞး,298
မ္ၚာ,295
စၞာဲ,295
တ္ၚေ,295
စာဲ,293
ဗ္စို,292
သြော,292
မာဲ၊,291
ၚ္ၚာဲ,291
ၚ်္က,289
ပ္ကာ,288
ဏာ၊,288
မိ၊,288
ပၞော်,287
မျ,287
ဟုံ,287
ၚ္ၚု,284
ဗျိ,284
သ္ကဲ,283
လွေ,281
ဗ္ဘာ,281
စ၊,280
ပၞု,280
အား,279
မ္မု,277
န်၊၊,274
သာ်၊,272
သၞဴ,272
ၚိုဲ,271
ဂွံ။,271
န့်,270
ဟောံ,269
တာဲ,269
ဇွောံ,269
နှာ,269
ဟဲ,268
ချာ,267
ဒေါ်,267
ဗ္တ,267
ပၠး,267
တၟော်,266
လၞီ,266
တီ၊,265
ဍာ်၊,265
တ္ၜ,265
သၞာဲ,263
ဧ,263
ဇုဲ,262
လွာ,262
က္ဆံ,261
ဝွံ၊,261
တ္ထိ,261
တြေ,260
တဴ၊,260
စား,259
ဒး၊,258
တံ။,258
နွ,258
မၠံ,257
ဗြဴ၊,257
ထး,257
ဂ္စာ,256
ယျး,256
မ္ဗာ,256
ခၟော,255
ဘော်,254
ဂၟံ,254
တ္ၜေ,254
ဍံ,253
သၠာ,252
ၚ်္ကေ,252
ဇျာ,250
ဗ္ဒို,249
ဋ်၊,248
သၞိ,248
ပိ၊,247
ယာ၊,246
န္တာ,246
ဗး,246
ကောံ၊,245
ဟေဲ,245
ဖူး,245
ဝှ,244
ဏံ၊,244
သုံး,244
ကၠာ။,244
ခ္ဍဲ,243
ၝဲ,243
ၚ််,243
ဖျို,243
ရး၊,242
ကျော်,242
ဗျဵု,242
ဂေါး,242
သ္ဍဴ,241
စိ၊,241
ပ္ပိ,241
လ္ဂော,240
ဂြီု,240
ညး၊,239
လှေ,239
ပျာံ,239
နား,238
လၞု,238
ဂၠောဲ,236
တွာ်,236
ပြဲ၊,235
သ္တိ,234
ချာဲ,233
ရီ,233
ပၞဴ,232
နွံ။,231
တၠ။,231
လ္တ,230
မ္ည,230
ဖၟို,229
ကၟော,228
ၚး,228
တျ,228
ဖြာ,227
န္ထာ,227
ဗ္ဂ,226
ေ,226
ဇာ၊,225
ဏှ,225
က္ကော,225
တ္ၚဲ၊,223
ဗ္ဒဴ,223
နှေ,222
ကျု,222
သၞေံ,222
စုံ,221
တား,221
လ္ဂူ,220
သို့,220
ဟူ,219
ဗ္ၜူ,219
ဒၞာဲ၊,219
ၜှ်,219
ညိ၊၊,219
ကွေံ၊,218
ခဲါ,218
ဆုံး,218
မ္ဗ,218
မၞံု,217
ၚ်္ချာ,217
ကၟဳ,216
ဠု,216
ဗ္က,215
ပ္ဍံ,215
သွိ,215
တ္တေ,215
သၠော,214
မၞာံ,213
ပေး,212
လွှ,211
ယျာံ,210
ဖ္ဍး,210
ထဲ,210
လေဲ,208
ဖား,208
ဝါး,208
ဇြော,206
ရှာံ,206
နှိ,206
စၟိ,206
ပွဲ,206
ဒ္စဵု,205
ပ္ပဲါ,205
ဗ္ၚု,205
သြိ,205
ဖၟော,204
ခြေ,204
ဂၠါဲ,204
သၞု,204
ဖ္တို,203
မြာ်,203
အဲ၊,203
မၠဲ,202
တြာ,202
တွာ,202
န််,201
ပေ၊,198
ချ်,198
အေး,198
ႝ,197
စ္စေ,197
မၞ,197
သ္ၚာဲ,196
လဵု၊,195
၍,195
ညှာ,194
မြာဲ,194
ဟုဲ,194
မျဵု,193
သၠိ,192
သၠုဲ,192
ၚ်္ခါ,192
ကၞဴ,192
ကှ်၊,190
မှ်,190
ၚ်္ဂါ,190
ထူ,189
လီု။,189
ၚ္ၚာ,189
ဂ္ညာ,189
ကၠဴ,189
ဟိုဲ,188
ဝါ်,188
ဥ္စ,188
ကွာဲ,188
စီး,188
တြေံ၊,188
ဇှ်ေ,188
ကား,187
ဟီု၊,187
ဗော်၊,187
ဒွိ,186
တၟာဲ,186
ယ်။,186
ထၟိ,185
လ္လာ,184
ကျာ်။,184
တိ။,184
သ္ကဵု,184
သ္ၚိ၊,183
တု၊,182
ရဳ၊,181
နေံ,181
မ္ဗိ,181
မော်,180
ခေါ်,179
ဂံါ,179
ဏု,179
ဗ္ဂေ,178
ဂုံ,178
ပ္ပါဲ,177
ဂ္ဇ,177
ညွ,177
လ္ဒော,176
သၞာံ။,176
ၚ်္ကြ,176
မ္စို,176
ဠောံ,175
ဖြိုး,175
ဒုံ,174
ဍဲ,174
တိံ,173
ကာ။,173
ဇ၊,172
ယ။,172
ပ္ၚာ,171
ယှု,171
ဏ၊,171
တ္ထဳ,171
ဂွဳ,171
သၞာ်,171
မ္ဘ,170
ဗ္ဘ,170
ယော။,170
ဃဵု,169
စှ်ော,168
စ္စာ,168
စ္ဆု,168
ဃဲ,167
ဂျု,166
ဂြး,166
စ္ၜော်,166
ခၠေ,165
ပိုဲ၊,165
ဖျိ,165
မ။,165
သေဲ,164
ဏ်၊,164
တွေ,163
က္ကာ,163
ဂွါ,162
ထ္ကး,162
ထၞ,162
ဖ္ဍု,162
မှော,162
စ္ဆိ,162
ဗံ,161
စ္ၜုဲ,161
ရောဲ,161
ယှို,160
ကဵု၊,160
ဖိုး,160
ဝွံ။,160
ဏ္ဌာ,160
တ္တော,160
မၞော,159
ဗူ,159
တိုး,159
်,159
ယျ။,159
ထ္ၜု,158
ပျော,158
ပၟဲ,158
မၞုဲ,158
ဖ္အော,157
ဂ္ဂါ,157
ၜိ,157
ယဲ၊,156
မ္မိ,156
ခွါ,156
ဖို့,156
လွံ,156
ဒ၊,155
ဒဲါ,155
ဆု၊,155
ဗ္ဗေ,155
အှ်,154
သ္ဂော,154
ဒ္ၚဳ,154
မၟ,154
ၜေါ,153
တ္တဵု,153
လွိ,153
ပါ၊,152
ဇၟော,152
မိုး,152
ဗ္ကေ,152
လ္ၚာ,152
မျူ,151
ဂြဴ,151
ဗ္ဂဲ,151
နံ၊,151
မိ။,151
ၐြဳ,151
ဖူ,150
လာ၊,150
သ္ကေ,150
န္ထ,149
ဇ္ၛ,149
ရာ်,148
ဂေါ၊,148
သ္ကေံ,148
လ္အိ,148
တ္ၜောဲ,148
လောဲ၊,147
လ်၊,147
ဍဴ,147
သ္ဇု,147
တွို,147
ဌေ,146
က္ၜံ,146
ပ္ဋဲ,146
ဗၠ,146
ဗြောဲ,146
ဖါ်,146
ကြဵု,146
လ္ၚဴ,146
အြ,146
မၟော,146
ရှို,145
ၚ်း၊,145
တေံ၊,144
ဆီး,144
ဃံ,144
ဿ၊,144
ည၊,144
စာ၊,144
ဋဳ,144
ခ္ဍို,143
က္လ,143
က္ချ,143
န္ဒော,143
ဖ်,142
ဖွဲ,142
ႊ,141
ပၠုဲ,141
တြာဲ,141
ဟ္မဳ,141
သွား,140
သာ။,140
မ္ဗဳ,140
ထာဲ,139
မီ,139
ပ္ပု,139
ဿိ,138
တ္ၚံ,138
ဖျး,138
ဂၠုဲ,138
မြု,138
ခ္ဍာ်,138
ဉ္ဇ,138
ဇၟူ,138
ကြား,137
႘,137
ဒ္ၚော,137
ဓ်,137
ရ်္လေ,137
သူ့,136
ထာ၊,136
ကုံ,136
ဒ်ှ,136
ၚြိ,135
ဆဴ,135
ဒှ်။,135
၌,135
က။,135
ဆိုး,135
မၟံ,135
ၚ်္ဃ,134
ရ်။,134
နုံ,134
လှာ်,133
ကံ၊,133
သ္ဒ,133
န္တဳ,132
ခ၊,132
ဗ္ဒါဲ,132
ပွား,132
သုံ,132
သိ၊,132
ဇ္ဇဳ,132
ဗ္ၚ၊,131
လ။,131
ၚဴ,131
ဥ္ဇ,131
တာ်,130
ခြာ၊,130
ဓီု၊,130
ပ၊,130
ခၟိ,130
အှော်,130
ဗု။,130
ခွေ,130
န္ဒဳ,130
ပၞိ,129
န္ဓု,129
မ္ပာ,129
ဏ္ဍု,129
တဳ။,129
မာ။,129
လၞ,128
မျှ,128
ဟ၊,127
န္ဓာ,127
ဒြာ,127
သ္ကီု,126
ဝှာ,126
မၠဵု,126
နာ။,125
တွိ,125
တ္ထာ,125
သွေး,123
ဗၞဳ,123
ဗ္ဂေါ,123
ဂြေ,123
တ္တိ၊,123
န္တေ,123
ကွဴ,122
က္ကံ,122
တ္တာ၊,122
ဆေး,122
ရိုး,122
ဗၠု,122
ၚဳ,122
ၚ္ၚိုဲ,122
ဝေ၊,121
ပၞါ,121
လား,121
ၚွေ,120
မဳ၊,120
ထူး,120
ၚော,120
ဒ္ဒိ,120
ပ္ကေ,119
ကေါ,119
ပ္ဍု,119
နာဲ၊,119
ဂၠဲါ,119
ယျာ၊,118
ပ္တဴ,118
ရဴ၊,118
ဇွာ,118
တၠိ,118
ဝူ,118
ချံ,118
လှေံ,118
တု။,117
ဏှေံ,116
ညေ,116
ဇြာဲ,116
ၚ်္ကြာ,116
ကၟဵု,116
ဝါ။,116
စွောံ,115
ဒဵု၊,115
ဍ္ဎ,115
ဂ၊,115
ဖျဳ,115
န္တော,115
ဝှု,115
လ္ၜ,115
သၠာ်,114
ဂၞဳ,114
နှု,114
ဇျှာ,114
ၚါး,114
ထ၊,114
ၜါ။,114
ဏါ,113
႔,113
လျှ,113
သွဵု,113
မ္မေ,113
ဂၞေ,113
ဗ်,113
မား,113
မ္ဍ,113
လွဳ၊,112
ဍာံ၊,112
ရုံး,112
စော်,112
ယော၊,112
သ္အဳ,112
ဗ္ၜေံ,112
ထုံ,111
က္ခ၊,111
မှဲ,111
ၐြီ,111
ဃေ,110
ယျော,110
ထၟ,110
ပ္ၚောံ,110
တာ။,110
ဋာ,110
လေ၊,109
သွံ။,109
ဗှေ်,109
ခၟ,109
ဘေ,109
ဓေါ,109
ကျုံ,109
ကၠံ၊,108
သီး,108
ရွေး,108
ဒ်၊,108
ချဵု,107
ဌိ,107
တဲ့,107
သ္ဍာံ,107
န္ဒြဳ,107
မဲ၊,106
ရဵု,106
ဗ္ၜို,106
ပှ်ော,106
ထီး,106
သၠောံ,106
ဏး,105
က္ခူ,105
တီ။,105
တၟုဲ,105
ၐ,105
မှူး,104
ဇါ,104
က်၊၊,104
ဠို,103
ၚ်္ဂု,103
ခီး,103
ယား,102
ဗျာံ,102
က််,102
ဇ္ဇျ,101
စွံ၊,101
နး,101
လၞိ,101
ဝုဲ,101
ပ္ကီု,101
ခၞော်,100
လူး,100
မ္ပိ,100
အူ,100
ဒ္ဓေါ,100
တဴ။,100
သ္ဂာ,99
ကျူ,99
နဳ၊,99
လှု,99
မၞာ,99
ဇ္ဇျိ,98
ခြား,98
ဆာဲ၊,98
တ္တ၊,98
ဥ်,98
ခ္ဍော,97
သ္တီ,97
သွာ၊,97
ပၞေ,97
အ္စာ၊,96
နဲ့,96
ကျာ။,96
ဆော််,96
လံ၊,95
ၛ,95
နေ့,95
ထၟံ,95
ကူ။,95
မ်။,95
ဩဳ,95
ဒျူ,94
တွေ့,94
တော့,94
ခြို,94
သဳ။,94
ရာဲ၊,94
ဂၠော,94
ပ္ဍ,94
ထွာဲ,94
ဟ်၊၊,94
ဒှ်ေ,94
ဩောံ,94
က္တို,93
န္နိ,93
ဗၠာဲ၊,93
လွဵု,93
ကာံ၊,93
သြဴ,93
တ္တု,92
ရှေ့,92
န္နာ,92
ယှော,92
ၚ်္ခ,92
ဒါ၊,92
ပၠ၊,92
ထီ,92
လဳ၊,91
ကါ,91
ကၞာဲ,91
ဗုံ,91
ဋ်။,91
ဇၞော်။,91
သ္မိ,91
ည်၊,90
ဏေါ,90
ဓိ၊,90
ဠဳ,90
ဂွု,90
လွာဲ,89
ဍေံ၊,89
တူ၊,89
ဥုဲ၊,88
လွး,88
ပ္ဍး,88
မုဲ,88
ခၞေ,88
နှံ,88
ခွဲ,88
က္တော,88
ဖုံ,88
သ္ဂေ,88
တြဳ,88
မှာ၊,88
မ္ဘိ,88
ဃိ,88
လၟာ,88
ပါး,87
ခၞာ,87
လ္လိ,87
လေ့,87
သၟာဲ,87
အုံး,87
တ္ထဵု,87
နှော,86
စ။,86
တဲ။,86
ဓဳ,86
ဆုံ,86
ဖွံ့,86
သ္တုံ,86
သွု,85
ဖ္ဍာ,85
သ္ဘဴ,85
က္တဴ,85
သာ်။,85
ဂေါ်,85
နိ၊,85
ဖ္ဍ,84
ခၞော,84
ပ္ကဴ၊,84
ဖျူ,84
စ္ဆေ,84
လ္ဇံ,84
ဂၠဴ၊,84
ဟၟဲ၊,84
ဝဴ,84
ပျံ,84
ဖျဵု,83
ကှေ်,83
ဖွ,83
က္သ,83
ဟီု။,83
မ္ဗော,83
ဒြို,83
ဗၟိ,83
ဝဵု၊,82
တ််,82
လ္စု,82
လး၊,82
ဉ်း,82
သ္ကံ၊,82
ဏှေ,82
ဝီ,82
န။,82
ဣဳ,82
အ်၊၊,82
က္ၜဴ,82
ၜဳ၊,81
ဍာဲ၊,81
ကေံ,81
ဇော်,81
ဗျံ,81
အဲ။,81
ပျ,81
ဖျား,81
ဒၟု,81
နာဲ။,81
ၚ်္ဃို,81
၏။,81
ဓံ,80
က္လော,80
ဿံ,80
ကြောံ,80
ဂေါ။,80
စၞိ,80
န္တိ၊,80
မာ့,79
ဖော်,79
နျူ,79
လာ်၊,79
ၝာ,79
ဗီု၊,79
ဝဳ၊,79
ဗ္ဂော,79
ဗ္ဒဲါ,79
တေဲ,79
ဂၞဴ၊,79
ဝ။,79
လ္ဇုဲ,78
ဇှေ်,78
မှာဲ,78
ဇၞး၊,78
ခဲ,78
တၞာ,78
ထ္ဍိ,78
ကျွဲ,77
န္ဒ၊,77
မှေ,77
သဵု၊,77
လ္ၚေ,77
ရာ။,77
မော့,77
ဝှ်။,77
ပြဲ။,77
လ္ၚီ၊,76
ဏး၊,75
ဇွို,75
ခၟောံ,75
ပှ်၊,75
ချဴ,75
ပ္ဍေ,75
ဂါဲ,75
ကိုး,74
ခၞ,74
တ္ၚဲ။,74
သ္ပ၊,74
တး၊,74
ပ္အ,74
တွဲ,74
သၞဲ,74
သ။,74
ယ်၊၊,74
ဂါ၊၊,74
ခၠဲ,74
ပဲ,73
နှေံ,73
တၞံ၊,73
မွေ,73
ဂူ၊,73
တာံ,73
ကျား,73
သ်၊,73
မ္မံ,73
ရဲ၊,72
ဟဵု၊,72
ပ််,72
မ္ပါ,72
ပြား,72
စွာ,72
စၞာ,72
က္ညာ,72
က္ထို,72
ပၠာဲ,72
ခါ၊,72
မ္မ၊,72
ဎ,72
ဂ္ဃ,71
ကျဳ၊,71
တော၊,71
အေဲ,71
ယၟု၊,71
ဏာ။,71
ဘုံ၊,71
ယဴ,71
ဍေး,71
တွာ၊,71
ဂၞံ,71
ဌ၊,70
ယှာ၊,70
ဗ္ဂိ,70
ဖြေ,70
ကျိုး,70
က္ခော,70
ဃ်,70
မဲ။,70
ဗၟာ။,69
ဤ,69
တ။,69
ခြုံ,69
ရီု၊,69
ပြဵု,69
လေါ,69
သ္တာ,69
ဖျာ်,69
ခွား,69
ဂါ၊,69
ဒ္ဓံ,69
ဇာံ,69
ရ၀,68
သီ၊,68
ဇ်၊,68
န်း၊,68
ရှား,68
စှ်၊,68
မ္စာဲ,68
ဂျ၊,68
စဴ၊,67
ပျိုး,67
ၚို,67
ှ်,67
သၞော်,67
ဏ။,67
သ္မိံ,67
ဘဴ၊,67
ဇဳ၊,66
ၜေို,66
ဂွေ,66
ဒၟ,66
နီး,66
လ္ဒေါ,66
ည။,66
ဘိုး,66
ဓဵု,66
ဇ္ဇျာ,66
တ္ၚီု,66
ကေး,66
ဓူ,66
ခွာ,65
သ္ရဳ,65
ၚူ,65
ဃို,65
ရော၊၊,65
ဝ်၊၊,65
မဳ။,65
ဥူ၊,64
ဒ္တုဲ,64
ပျေ,64
ဖၞု,64
ၝေ,64
ပေ။,64
ခွိ,64
မ္တီ။,64
ဋ္ဋ,64
လ္လော,64
ဿို,64
ဟိ၊,64
ကွဵု,63
လောဲ။,63
ခါံ,63
ဒ္ၚေါ,63
ဇြာ၊,63
မဲ့,63
လှော,63
သ္တ,63
ဂျိ၊,63
ပြောဲ,63
သ္ၚ,63
ၚ်္ကာ၊,62
လ္တု,62
ခူ,62
ပို့,62
ဂွဵု,62
ဗါ်,62
ကုဲ,62
ဗ္တီ,62
ဒဳ၊,62
က္ခာ၊,62
သ္တို,62
န္တံ,62
ညာ။,62
မ္လ,62
ထြော,62
ဗေါ,61
ၜး၊,61
ဏေံ,61
ဗၠဲ၊,61
သုဲ,61
ဇၟံ,61
ၑ,61
ကော၊,61
တၟံ၊,60
ဍီု,60
ဇျ,60
ဓို,60
အဵု၊,60
ရဳ။,60
က္ခဳ,60
သေံ။,59
ပါ်၊,59
ဘာ။,59
တၟိ။,59
ပ္ညဳ၊,59
ဍာ်။,59
ၚ်္သာ,59
မြာ၊,59
ဖြော,59
သြဳ၊,59
တွံ၊,59
ဒ္ဒေ,59
ဂဵု၊,58
ဗြဳ,58
တေံ။,58
ညဳ၊,58
ဝေး,58
ၚှ,58
ညို,58
ကၟေ,58
ပၠာ,58
ဇြဳ၊,58
ဗ္စး,58
ပိုး,58
ခ္ဍေ,58
ဂြံ,58
သြောံ၊,57
ထွေ,57
ဝါဲ၊,57
ဖျုဲ,57
နဲ၊,57
ဒေ၊,57
န္ဒု,57
ဠဴ,57
ဝဲ၊,57
န္ဒြိ,57
ယာဲ။,57
ဒွါ၊,57
လဴ၊,56
ခ္ဍံ,56
ဂိ၊,56
ဗျဳ,56
ချဳ၊,56
ဒိ၊,56
တြံု,56
ဂဲ,56
မျိ,56
ခြာ။,56
ပ္တု,56
ရံ၊,56
ဒဲ,56
န္ဓဴ,56
ည်၊၊,56
ညား,56
ဗွဳ,55
ဍဳ၊,55
လှာ၊,55
ဂျဵု,55
ဝှေ,55
တေး,55
ဒွေ,55
ဂ္ဂး,55
ဒူး,55
ပိ။,55
ဗ္ၜေ,55
ဩို,54
သျှ,54
ပ္လေ,54
ဏံ။,54
သူ၊,54
္,54
ၚါ,54
လၟာ်,54
သၞာ၊,54
ညး။,54
သု၊,54
ပ္ပဳ,54
ပဴ,54
မှဳ,54
ယာ။,54
မြ၊,54
ဟံ၊,54
မၠး,54
မၠာ၊,54
သြာဲ,54
ပၠာံ,53
မျီု၊,53
ဆဵု၊,53
ခ္ဍး,53
ဂၠာ,53
ဗြော်,53
သ္ၚု၊,53
ဇဴ၊,53
သၞ၊,53
ဂ္ဂး။,53
ရိ၊,53
သ္ဂ,53
ဂၞု,53
မှဴ,53
ဝိ၊,53
မ္ၚဵု၊,52
လ္ရဵု,52
ဂၠေါဲ,52
စ်၊,52
တှေ်၊,52
ပ္ဍဲ၊,52
ဗာ၊,52
မှု၊,52
မြဳ,52
ဏ်။,52
နှဴ၊,52
ပ္ပာ,52
ဝီု,52
မ္တာ,52
က်ု,52
သိ၊၊,52
ချီ,51
ပ္ဍ္,51
ဿု,51
ကၞဳ,51
ခၠဵု,51
၉း,51
ၝောဲ,51
လီ၊,51
ဆူ,51
ဒေး,51
ဟ််,51
သ္ၚံ,51
ကြေဲ,51
ဒၞံ,50
ကြံ့,50
ဌေး,50
ပှေ်ာ,50
စၠး,50
သ္ၚောဲ၊,50
ထၞိ,50
ကောံ။,50
ဥာ,50
ယာဲ၊,50
ဉ္စိ,50
မၠာဲ,50
ဗ္ဗု,50
ဒၠး,50
ပၠေဲ,50
မံ။,50
ဒၞါဲ၊,49
လ္ဇ,49
ဉ်၊,49
လာဲ၊,49
တဵု၊,49
ချိုး,49
လ္ၚဳ,49
ဂၞာ,49
က္တဵူ,49
ၚ်ေ,49
ပြီု,49
ဏှ်,49
ကဵု။,49
ရှာ၊,49
တၟု,49
သၞူ,49
ရု၊,48
ဆီ၊,48
မေ၊,48
ယုံ,48
သၟော,48
မှို,48
ကျံ,48
ခၠို,48
ဆွေ,48
အာ်,48
၈း,48
ဂွး,48
လၞာ်,48
တှ်ေ၊,48
သော၊,48
ထ။,48
ကြဴ၊,48
သံ၊,48
ဂၠိ၊,48
ပ။,48
ဖာ၊,48
မ္မော,47
ကၟံ,47
ပြိ,47
ဿဴ,47
ကျ၊,47
ဒဴ၊,47
ဇၞိ,47
စှ်ေ၊,47
န္တ၊,47
ဟိံ,47
ခူး,47
တၟော,47
သိ။,47
ဏ္ဏာ,46
မ့်,46
ကၠး၊,46
ထောဲ,46
ဟာ်,46
တၟး၊,46
မ္ၚံ,46
တို်,46
ဂ္စါ,46
ကၠာ်,46
ဘူး,46
န္ဓ၊,46
မ္ၚ,46
သေး,46
နံ။,46
ရ်္မၟ,46
ကၠီု၊,45
မ္ၚး၊,45
ပ္ပာဲ,45
ထ္ဍေ,45
ဗ္စံ,45
ၜါဲ,45
ထ္ၜော,45
ဒ္တဴ,45
ဒၞာဲ။,45
ရး။,45
ကော်၊,45
ဋ္ဌ၊,45
က္ၜဳ,45
လ္ပု,45
တ္လ,45
ဗြဴ။,45
ဒ္ဓော,45
ဒ။,45
ဒၠော,45
သၞုံ,45
သွေ,44
လှ၊,44
ဇၟိ,44
ကဵဵု,44
မာဲ။,44
စှေ်၊,44
ဆွေး,44
ယှံ,44
ကွဳ၊,44
ထိုဲ,44
ပၠဳ,44
ဂီ,44
သ္ပံ,44
ခုံ,44
ကာဲ၊,44
ပူး,44
သ္ပို,44
ဥုံ,44
ခၟူ,44
ယြ,44
ကၟု,44
ချို့,44
သှ,44
တွာဲ,44
တၠာဲ,44
ဂ္ညိ၊,44
ၚ္ၚေ,44
ဇၞ,44
လ္အာ,44
ပါဲ၊,43
ထောံ၊,43
ဇြ၊,43
လို့,43
ဖွံ,43
ကွေံ။,43
ၜို်,43
ရှေး,43
ဆွဲ,43
ကၠ၊,43
ဝ််,43
ပြ၊,43
ကီ,43
ဒြိ,43
ဝှ်၊,43
စာ။,43
လွာ၊,43
ဒ္ဓ၊,43
ကၟီ,43
ဇွိ၊,43
ကၠဳ၊,42
ချာံ,42
ညွှ,42
ဆ၊,42
မ္တီ၊,42
တၞး၊,42
ဗျ၊,42
သၠောဲ,42
ဇူ၊,42
မၠိ၊,42
ဒျို,42
မဵု၊,42
စၟော,42
မ္မာ၊,42
တ္တံ၊,42
သ္မ,42
ဂၞါ,42
ဇ္ၛိ,42
ဏ္ဌ,42
သ္ရိ,41
ဖျာ၊,41
ဂ္ဂ၊,41
ဖျေဲ,41
ကြိုး,41
ဗာဲ,41
တြုံ၊,41
များ၊,41
မု၊,41
ဏဳ၊,41
သွ၊,41
ကး၊,41
အိုး,41
စ္စ၊,41
ဘ၊,41
ကဲ့,41
ဂၠု၊,41
ဇ္ဇော,41
ဝွဴ,41
ပါဲ။,41
သှေ,41
ပ္ၚော,41
မြီ,41
ဇီး,40
ႅ,40
ပြေး,40
သၟး၊,40
ကူး,40
ဂြာဲ,40
ပြီ,40
ဏာံ,40
က္ဍာ,40
ပ္တေံ,40
ၝာဲ,40
စွဲ,40
ယွ,40
ဗၠး၊,40
ကာ်,40
လၟံ,40
ဗွု,40
ယံ၊,40
အှ်ေ,40
တော။,40
သာ၀,40
ပၠ။,40
ပ္ၚု,39
ချာ၊,39
ဇြိုဲ,39
လ္ၚဵု၊,39
လော၊,39
နွေး,39
ဇၞာ်,39
ကေဲ,39
ၜာ,39
ၚ္,39
ဗျေ,39
ထိုး,39
သ္မာ,39
သဲ၊,39
မၞး၊,39
ပီ,39
တြဲ၊,39
ဒၞေ,39
ဒ္ဓိ၊,39
န္တိ။,39
ညှာ၊,39
၎,39
န္တု၊,39
န္ဒြ,39
အ္ခိ,38
ၚ်္ဂဳ,38
ဂြုဲ,38
ရီး,38
မုံ,38
ဗ္ဒံ,38
သ္ပာ,38
လျ၊,38
စွော,38
ကဵ,38
ၚာ၊,38
ဂၠာံ,38
ခိုး,38
ဆာံ,38
ပွေ,38
တ္တဳ,38
ကှ်ေ၊,38
ဟ္မဳ။,38
န္တာ၊,38
န္နော,38
ထာ။,38
ပ္ပ၊,38
ဥ္စာ,38
ပၟါ,38
သီု၊,37
လျှော,37
န်ု,37
ပေါဲ၊,37
ဠး,37
ကၟာ၊,37
တီး,37
ပၞံ,37
ခွေး,37
ဇု၊,37
တုံ၊,37
န္ဂ,37
တ္ထု၊,37
ခ္ဍဳ,37
ဠိ၊,37
ပ်၊၊,37
သ္အ,37
ညူ,37
လော့,37
လ်။,37
သ္ဍး,37
ဝံ၊,37
လှူ,37
၏၊၊,37
တွး,37
ချေံ၊,36
ဇျာဲ,36
ယာ်,36
ၚာ်၊,36
ကဴ၊,36
သ္ပော,36
ဂီု၊,36
နှို,36
မှုဲ,36
ဂၞဲ၊,36
ဒိုး,36
မွေး,36
လှံ,36
တ္ၚဵု,36
န္နဳ,36
ဖေါ်,36
သၠေံ,36
စ္စာဲ,36
တ္တ။,36
ဇ်။,36
သ္စ,36
ဗ္ၜော,35
၂း,35
ဏး။,35
ဆော်,35
စါ,35
ကၠေံ၊,35
ဗ္လး,35
လွော,35
ၚ်္သဳ,35
ကၞံ,35
ယျဳ,35
ရာံ၊,35
သ္ၚာ၊,35
ဗြော,35
သွဴ,35
ၜဲ၊,35
ယှ်၊,35
ၛာဲ,35
ဗ္ဂာ,35
သ္ၚိ။,35
ဘဲ၊,35
နို့,35
တ္တာ။,35
ဿေ,35
နာ၊၊,35
ကိံ,35
ၜံး,35
ဒြဴ,35
ဗ္တိ,34
တွဵု၊,34
ပ္ၚ၊,34
ရဲ့,34
ႜဲ,34
ကြာ၊,34
ကွေး,34
ဝှိ,34
ကြေး,34
ယၟာ,34
ကျာံ၊,34
က္တာ,34
ဣိ,34
တ္တို,34
ဆွ,34
ကျိ,34
ဟေံ,34
မ္ဘာ၊,34
ဆဵု။,34
ဘွ,34
ဟီ,34
ဟ။,34
ဓ၊,34
မံ၊,34
ဟာ၊၊,34
ဇြာ။,34
ဏ္ဍာ၊,33
ယျဵု၊,33
ဒ္စံါ,33
ပြး၊,33
ဘွဲ့,33
ႏ,33
ရေး၊,33
ရွှေ့,33
ဖ္ဍေါ,33
အာဲ၊,33
သွော,33
ဖြာ၊,33
ဒါ။,33
ဒြာ၊,33
ဗ္ဂာ၊,33
စၞံ,33
က္ခံ,33
မြေဲ,32
ဝေါ်,32
ဝဲါ၊,32
ဒၞိ,32
သး၊,32
တ်ေ,32
ဖဵု၊,32
ဖါဲ,32
ဗြဲ၊,32
က္တ,32
ဒၠေ,32
ကြုဲ,32
မျော,32
ု,32
ထ္ၜး၊,32
မြဴ၊,32
ကဳ၊,32
စွံ။,32
ဋ္ဌေ,32
ချူ၊,32
စ္စံ,32
စး၊,32
ဇာ။,32
ဗ၊,32
ၚ္ၚုဲ,32
ယူး,32
တွဵု။,32
တ္ထ၊,32
တုြ,32
ခၠံ,32
ဒၟိ,32
ဉ္စ၊,32
သြဲ,32
နဳ။,32
ဗျောံ,32
ပ္ပး,32
ဂ။,32
ဝဳ။,32
ဒ္ဓို,32
ဂျ။,32
ဒ္ဒဳ၊,32
လ္ရ,31
ထ္ၜေ,31
တူး,31
ဗီ,31
ဂှ,31
ံ,31
ၜော,31
ၜေဲ,31
ဆာဲ။,31
ဗ္ဂါ,31
ဗၠံ,31
ဂၠာဲ၊,31
ယှိ,31
ဿီု၊,31
တှ်၊,31
ရှု,31
သၟို,31
အိို,31
ကောဲ,31
ၚ္ရာ်,31
ၚာဲ,31
လ္ၚီု,31
မၞေ,31
ရူ၊,31
ကွီး,31
မ္ဂ,31
တ္ထု။,31
ဂွါံ,31
ဇှ်၊,31
ဉ္စာ,31
န္ဒံ,31
ခ်၊,30
ဂျီ,30
ခၞု,30
တွေး,30
ဆူး,30
ဇြူ,30
သြု,30
မြဲ,30
လျာ၊,30
သာဲ၊,30
ပျော်,30
မၞု,30
ဒီး,30
ဒး။,30
တြဴ၊,30
ညှ,30
တၠး,30
န္နဲ,30
ရှော,30
ဘ်၊,30
ယွာံ,30
ဘ၀,30
ရ်၊၊,30
တ္ထေ,30
က၆ု,30
လိ၊,30
ပ္ဍူ,30
ဒ္စ,30
လ္စ,30
လာ်။,30
ပှ်ေ,30
နော။,30
ရ်္လ,30
တွဵုး,29
၀း,29
စို်,29
ပွး၊,29
ယျဲ,29
ဆဳ,29
၃း,29
ဒၞး,29
ကၞာ၊,29
ဒျော,29
လၟာဲ,29
တ္ၜဴ,29
ကြွ,29
ထောံ။,29
မှော်,29
ဖွား,29
တ်ှေ,29
ဦး၊,29
သ္အဵု,29
သ္အာ်,29
မၞး။,29
ပ္ဖာ,29
ချွ,29
ဂေါး၊,29
န္တော၊,29
ဏ္ဏိ,29
ဿ။,29
ပ္ပဵု,29
ပၞာဲ,29
တူ။,29
ဗ္ဗံ,29
ဠှ,29
နဴ,29
ပြော်,28
ပူ၊,28
တဲု,28
၁း,28
ရ၀၀,28
နွဲ,28
ဏာဲ,28
တၞဳ,28
ဇြဲ၊,28
သှ်။,28
မၞံ,28
ၚ်္,28
သ္ဍဴ၊,28
န္ဒူ၊,28
ထ္ၜောံ,28
ပီု,28
သွာ။,28
ပ္တုံ,28
တ္ည,28
ၚ်္ချေ,28
ဏှာ၊,28
ဗြး,28
တၞေ,28
ဗၠာဲ။,28
လှဴ,28
နြ,28
ကြဴ။,28
ဂၠေါ,28
ဒၠေါံ,27
ဒှေ်,27
ဒှ,27
ဂျဳ၊,27
ရဴ။,27
ဖဳ၊,27
ပှော်၊,27
ဂ္ဂံ,27
မေး,27
ခြော,27
သၟဳ,27
ဇီ,27
ဒို့,27
လဵု။,27
နိုး,27
လူ့,27
ရွာ၊,27
ဂ်၊,27
လာ။,27
န္ဒြာ,27
ဟု၊,27
ဇ။,27
နေ၊,27
န္တေ၊,27
မှ၊,26
ရေ၊,26
မူး,26
ဇၞူ၊,26
ယီ,26
လ္ဆော,26
တောံ၊,26
ဏ္ဍို,26
၆း,26
ဘေး,26
မ္ရး,26
၄း,26
ၚဲ,26
ရုံ၊,26
လောံ၊,26
ဇုံ,26
ၜီု,26
မှံ,26
လျော,26
ပ္လံ,26
ၜေံ,26
ထုံး,26
တြံ,26
လှ်ေ၊,26
ဇ္ဇ၊,26
ၠ,26
တေ၊,26
ယ့်,26
ယျိ,26
မၠီု၊,26
တျု,26
မ္လို,26
စြ,26
မြိ၊,26
ဒွဵု,26
ဂှ်၊၊,26
တ္တော၊,26
ဒွး,26
ဩဴ,26
ဓိ။,26
ဏဴ,26
တ္တိံ,26
ဒြီု,26
ဎိ,26
ဂၠဴ။,26
လွိ၊,26
ရေံ၊,25
ဗ္ဒောံ,25
က္လောံ,25
ခၠု,25
အး၊,25
ထီု၊,25
စဳ၊,25
ဏာ်,25
က္တံ,25
ဖုဲ,25
ကေ၊,25
သေ့,25
သၟုဲ,25
ပျး၊,25
သီု။,25
လ္ၚီ။,25
မ္က,25
မွဲ၊၊,25
ဗ္ဒု,25
ဗ္ဗိ,25
ထၟော,25
ဒ္ဂူ,25
ထြာ,24
ချောံ,24
အှေ်,24
ရုဲ၊,24
ကဲ၊,24
ပၠာ်,24
နှ်,24
ဖာ်,24
က္ဍိ,24
ယဳု,24
သၟာ်,24
စၞ၊,24
ဖၠ,24
မောံ၊,24
စၟ၊,24
ကၟာဲ၊,24
သၠ၊,24
မ္ဗူ,24
ဃု,24
ရှ်၊,24
သၟဴ,24
စဴ။,24
မ္ဘော,24
ပျာ,24
စု၊,24
က္လံ,24
ခ။,24
ၚ၊,24
နွဲ့,24
နဲ။,24
စူး,24
ဝဵု။,24
သ္ၚော,24
မ်၊၊,24
ဗ္ဗ၊,24
ဏ္ဍော,24
ဗြီ,24
ကြီ,24
ယှေဲ,24
ဂၞဴ။,24
န္ဓိ၊,24
ၚ်္ကာ။,24
ဖါ၊,24
ဇ္ဇေ,24
တြု၊,24
ဘဲ။,24
သ္ကာ၊,23
စၟာဲ,23
ကွီ,23
ၜိ်ု,23
ဋ္ဋ်,23
၇း,23
ႉး,23
ဏ္ဏ၊,23
ရို်,23
မျု,23
ဗျု၊,23
ပ္တူ,23
အုံ၊,23
ဿ်,23
စီု,23
တိ်,23
ၜဵု၊,23
ဒေံ၊,23
ဘား,23
မး၊,23
ထဴ၊,23
ဠော်,23
စှော်၊,23
ာ,23
အ္ၚ,23
လွို,23
ဒၞာ၊,23
ထ္ဍ,23
လဲ၊,23
ယၟု။,23
ဗၟုဲ,23
က္ၜို,23
ရဲ။,23
နှဳ,23
သ္ၚီ,23
ါဲ,23
မ်း၊,23
ဍ္ဎိ,23
ၚ္ၚိ,23
ဗ္တာဲ,23
ဇၞး။,23
ကျ။,23
ဓော,23
တုဲ၊၊,23
ဂွံ၊၊,23
ဓာ၊,23
သၟီ၊,23
ပ္ဍီု,23
မၠိို,23
မှာ။,23
ဏ္ဋ,23
သျှာ,22
ဇျှ,22
ပိုဲ။,22
ပါ။,22
နု၊,22
ကုာံ,22
မ္တဴ၊,22
အေ၊,22
ဓိ်,22
ဖ၊,22
က္ဍဳ,22
နာ်၊,22
ခါး,22
နွေ,22
ဠာ၊,22
ဒၠု,22
လွုဲ,22
ယျံ,22
ထ္ပို,22
လော်၊,22
ဒ္ဓါ၊,22
လ္ၚာ်,22
ဗြူ,22
ချောဲ၊,22
ဍေံ။,22
သှ်ေ၊,22
ဗၟ,22
ဆော၊,22
သၠံ,22
နူး,22
တၠီ,22
ဒ္ဒါ၊,22
ိ,22
ြ,22
သော။,22
ၚ့်၊,22
ဇ္ဇု,22
တ္လု,22
ၜဴ၊,22
ရီု။,22
သ္ကော,22
စေဲါ,22
ဟေး,22
ဍဳ။,22
လံ။,22
ထောဴ,22
ဃော၊,22
မ္အုဲ,22
မ္ပေ,22
သ္ဍ,22
ဗၠိ,22
ဗ္ဂါ၊,22
တြော,22
ရာဲ။,22
န္နံ,22
ဿော,22
လၟုံ,22
ကြ၊,22
ဗ္ဘိ,22
ပ္ဘ,22
ခြု,22
ဿီု။,22
ဩာဲ,22
ခို်,21
က္ဋို,21
အို်,21
န္,21
ညောံ,21
မၞိ်,21
ဗဲ,21
ကျှ,21
ဓုံ,21
ဟို်,21
ပွိ,21
န််၊,21
လ္ရီ,21
လ္လာ၊,21
လှ်၊,21
တြး၊,21
ဗ္စူ,21
ကီု၊၊,21
ဟွ,21
ဇာဲ,21
ဒါး,21
မ္ဘဳ,21
ခဵု,21
ဗ္ဒာ,21
ကြီး၊,21
ဗြီု၊,21
စ္ဆာ၊,21
စိို,21
လွီ,21
ၚ်္ဃု,21
အာ၊၊,21
မ္တ,21
သ္သ,21
တေဴ,21
သ္ပ။,21
ဇ္ဇျာဲ,21
မ္ဗါ,21
ဟဳ၊,21
ကီး,21
သ္မိံ၊,21
ဖျဳ၊,21
သွံ၊၊,21
သ္မီ,21
ကံ။,21
ဆု၊၊,21
ဒွါ။,21
သြေဲ,21
၀ိ,20
ဒ္တုံ,20
ဟ္ၚာဲ,20
လ္ဂာံ,20
ဘံ,20
ဆဲ,20
သ္ၚဲ,20
ဂ္ဂို,20
ပၠီု,20
ခၟဴ,20
ပြဳ၊,20
ပ္ပံ၊,20
ဟွာ,20
စေ့,20
မှောံ,20
ဒ္ကော,20
သ္ကဲ၊,20
ပွဳူ,20
ဇွ၊,20
က္ကို,20
ဗှ်၊,20
စဲ၊,20
ဍာံ။,20
န္ဒာ၊,20
ယး၊,20
ဇဵု၊,20
ဗ္ဒး,20
ညှေ,20
သော်၊,20
ကဳု,20
လ္ၚာ၊,20
တောံ။,20
လ္ၚိ,20
ပ္တော,20
ဍ၊,20
ဝ်း,20
ဖျံ,20
သိုး,20
ပေါ့,20
ၚောံ,20
ရှဳ,20
ၜေါ်,20
ဂဴ၊,20
ချီု,20
ယံ။,20
ဒ္ဓေါ၊,20
တိံ၊,20
ဆာ၊,20
ၚ်္ချာ၊,20
ပွာ,20
နော၊,20
တၠ၊၊,20
ကော။,20
တ္ထိ၊,20
ထို့,20
ဝဲ။,20
ယျာ။,20
န်း။,20
ခါ။,20
မၠိ။,20
လ္ပာ်၊,19
ဝှံ,19
ဗျိ၊,19
ဍာ၊,19
ယျှာ,19
ဗၠာ,19
ဖာ်၊,19
မ္ဒို,19
လိ်,19
သၞး,19
ဖီ,19
ဓေ,19
ပၠိ,19
ကျဲ,19
ဦ,19
ယျု,19
လုဲ၊,19
ဘီး,19
က္ကော၊,19
လွှာ,19
သ္တီု,19
နော်၊,19
ၚဵု,19
အူ၊,19
ၼ,19
ဗှ,19
သၞ။,19
ဃ၊,19
ယဲ။,19
ဗ်ှ,19
ယ၊၊,19
တြဲ။,19
ဗြီု။,19
ဒၟဴ,19
မ္ၚူ,19
ဂိ။,19
တ္တိ။,19
သိ၀ိ,19
ဒၞဳ,19
စွောံ၊၊,19
ဓီု။,19
န္ဒေ,19
ညေံ,19
တေ။,19
ရ္ဟ,19
ၚ်္ဍု,19
တိ၊၊,19
န္တု။,19
လွဳ။,19
တ္ၜူ,19
သ္ၚဴ,19
လို်,18
ဌဳ၊,18
ညဵု,18
ဟေဲ၊,18
ရူး,18
ဖေ၊,18
ညှိ,18
လး။,18
း,18
မ္ဘာ့,18
ဒူ၊,18
အ္စာ။,18
ဗော်။,18
မြူ,18
ဂါံ၊,18
ခဳ၊,18
ယျာဲ,18
သ္ဂး။,18
ဖျီု,18
ထွေး,18
ပြီ။,18
သဴ၊,18
ပ္,18
ပ္လ,18
ဿဲ၊,18
မြီု,18
ဥ၊,18
ႆ,18
ထ္ၜး။,18
ပေဲ,18
ဂၟဳ,18
ယိုး,18
ဏျ,18
ဇ္လော,18
မ၊၊,18
မ္ပိ၊,18
ဏ္ဏံ,18
လျး၊,18
မော၊,18
န္ဓာ၊,18
န္နေ,18
ဋ္ဌော,18
လာဲ။,18
သ္ၚဳ၊,18
ဒု၊,18
စာံ၊,18
ၝိ,18
ဒ္ၚး,18
ဇၠ,18
ရဴဴ,18
သ္စု,18
ဂြာံ၊,17
က္လို,17
လှေ်၊,17
ခ္ဍာ,17
ယှဵု,17
သ္ဍဳ,17
သဴ။,17
ၠု,17
လ္တာ်,17
ပ္တောံ၊,17
တော်၊,17
ရီ၊,17
ဗၠော,17
ဟာဲ၊,17
သ္ဂီု,17
ဖွာ,17
ဠံ,17
ချဵု၊,17
ဗဵု၊,17
သှ်၊,17
ရံ။,17
ဗ္ကာံ,17
ခုံး,17
နှီး,17
ပ္ၚဲ,17
စျေး,17
သ္ဒို,17
ဝ္,17
ခၞါ,17
တ္ထံ,17
လျူ,17
ၚ်း။,17
မၠု၊,17
ဒံ၊,17
ဏ်း,17
ဇၞာ,17
သဵု။,17
ဂၟာ,17
ခြး,17
ဌ်,17
ော,17
ဗြဲ။,17
ရှ၊,17
ပွော,17
ဏူ,17
ဟေ။,17
ဖျဴ၊,17
စေ၊,17
မ္မော၊,17
ဉး,17
ဂၠါဲ၊,17
ကၠဵု၊,17
ဂ္ဂု,17
လၟဳ,17
က္ခာ။,17
စံ၊,17
သ်။,17
သ္ဍာံ၊,17
ဝေ။,17
ဒ္ဓေ,17
ဇ္ဇိ,17
ဒြော,17
ဟံ။,17
ပ္ပ။,17
ဗ္ဂူ,17
ဒ္စာံ၊,17
က္ခ။,17
ဆု။,17
ဂၠေါဲ၊,17
ဖၠော,17
ဂွာဲ,16
မါ,16
ဖဲ၊,16
ခုဲ၊,16
ရ၅,16
ပဲါ၊,16
ဘာ်၊,16
လ္ဒ,16
ယွီု,16
ဗြောံ,16
ဆောံ၊,16
ကြုံ,16
ခၠာ်,16
ကြံ၊,16
ဠ၊,16
လာံ၊,16
ဗ္ဒျ်,16
သောဲ၊,16
သှာ,16
စာဲ၊,16
ၜး။,16
ထ္ဗ,16
ကြဲ,16
ဇ္ၚး၊,16
ဗဳု,16
ၚ္ေ,16
လ္လေ,16
ၝောံ၊,16
မ္မံ၊,16
သ္ကး,16
ပ္ကဴ။,16
ဘူး။,16
ဋ္ဌ်,16
ဗား,16
မ္ညး,16
ဒ္ဒာ,16
ကုံ၊,16
မိံ,16
ရေ။,16
က္ခုံ,16
သ္ဍိ,16
ဟ၊၊,16
မၟာ,16
ဏိ၊,16
ၚ်္ခေ,16
ဒၟ၊,16
စိ။,16
ၚ်္သ,16
ပ္ဍဲ။,16
မၞုဴ,16
ဋ္ဌိ၊,16
ၚ်္ဂါ၊,16
န္ဒ။,16
ဒဴ။,16
ဂၠာဲ။,16
တှ်ေ။,16
ဝါံ,16
မ္ဇ,16
နြု,16
က္ခိ၊,16
သ္ဍဲ,16
မြး,16
ကေါ်,16
န္ဓ။,16
ၚံ၊,16
ဒေဲါ,16
ပြ။,16
ဋ္ဌု,16
ဂျွ,16
ဂၠါံ,16
ဖ်ေ,15
ပို်,15
က္က၊,15
မြှော,15
႙,15
ကၞဴ၊,15
ဗူး,15
ဂဳ၊,15
ဏ္ဍ၊,15
မှူ,15
ဂျ်,15
နှော်,15
ဂုဲ,15
မ္ၚာ၊,15
ပွူ၊,15
တ္တူ,15
အ္ခ,15
ရွေ,15
က္ကူ,15
မၠာ။,15
ဒေ့,15
ပံ့,15
ဗွူ,15
မြှ,15
မာ်၊,15
ကၠံ။,15
က္တိ,15
ဟၟ,15
ပဳ၊,15
ၜ၊,15
ဗီု။,15
ႏ္,15
ဏ္ဏော,15
ဖ္ဋို,15
ဟိို,15
ပြု၊,15
ဒါံ,15
ကွာဲ၊,15
အီး,15
တၠုဲ,15
ယှ်ေ၊,15
စ္အာ,15
ဒ္ဓာ,15
သ္တု,15
စ်ှေ,15
စ္စော,15
ပြီု၊,15
ဥ္ဇိ,15
ဂွဴ,15
သြာ,15
က္ခဳ၊,15
ဝှော,15
မ္ဘူ,15
ထၟူ,15
ဇွဲ,15
ကွေ့,15
ဟး၊,15
သၟိိ,15
ရွှ,15
တြ၊,15
ဖျာ။,15
သၞာ။,15
ဖ္အာ,15
မ္ၚောဲ၊,14
ဗုဲ၊,14
ဈေး,14
နွား,14
အဳ၊,14
တာဲ၊,14
ယၟ,14
န်ေ,14
ၐို,14
ယှဳ,14
လှုဲ၊,14
ကီု်,14
ဥု၊,14
ပျာံ၊,14
ပှေ်,14
က်ျှ,14
ဟိုဲ။,14
ဖၠုံ,14
ဒ္တူ,14
ယု၊,14
ဘွား,14
ကျော့,14
တုံး,14
ယဵု၊,14
ၚ်၂,14
ဂွာ,14
ယဳ၊,14
ပဵု၊,14
သြော်,14
လၟုဲ,14
ဆာ်,14
ပြာဲ,14
ဖ္ဍး၊,14
ဗ္စာ၊,14
နှဲ,14
ဇ္စျ,14
မေ။,14
နှိုး,14
သဳု,14
တြေံ။,14
တ္,14
ထၟု,14
ဉ္ဇာ,14
တ္ထော,14
ကၠဴ၊,14
ဒ်။,14
နှာ၊,14
ဗြု၊,14
ဖာဲ,14
က္တဴ၊,14
က္ကာဲ,14
ဇ၀,14
စ်။,14
စ္လ,14
ကွော,14
ဝါ၊၊,14
သ္ပု,14
တၟိ၊၊,14
တှ်ေ၊၊,14
န္ဒို,14
ဿုံ,14
ထိ၊,14
ဟော၊,14
သေ၊,14
န္န၊,14
ကျာ််,14
န်၀၀,14
လ္လ၊,14
ဋ္ဌ။,14
ကြာဲ,14
ဖိ၊,14
သြာဲ၊,14
သြီု,14
ဖ္ဍေ,14
ပၠူ,14
ဝွ,14
သ္တး,14
စ္စာ၊,14
သြဴ၊,14
တှ်။,14
ကာဲ။,14
ခ္ဍဴ,14
န္ဒော၊,14
နး၊,14
ပျဲ၊,14
ဂွာံ,14
ခံ၊,14
ႝာ,14
ဟုံး,14
စၞာံ၊,14
နူ၊,14
ကော်။,14
ဏှာ။,14
ဏေ၊,14
သာဲ။,14
န္ဒာ။,14
ဒေ၀,14
တျာ,14
လဴ။,14
ဗေး,14
လဳ။,14
ဒ္ၚဳ၊,14
ဋ္ဌီ၊၊,14
ဍ်ာ,14
ယွော,14
ယှုဲ,13
ဇြုဲ,13
စောဲ၊,13
ကွျ,13
သိုဲ,13
အီ၊,13
ဃဵု၊,13
အွဲ,13
ခၟော်,13
ကွာ်၊,13
ဇျှာဲ,13
မြာဲ၊,13
၀ါ,13
ကၞိ၊,13
ချဲ,13
ဒီု၊,13
ၚုဲ၊,13
ပ္စူ,13
ဉ္ဇူ,13
ယှိုဲ၊,13
ဓုဲ,13
ဂွ၊,13
အော်,13
ပြေ၊,13
မူ၊,13
လုံ၊,13
ဲ,13
ဂွ္,13
လၞေ,13
ဝး၊,13
ပ္တဴ၊,13
လှောဲ,13
သၠာဲ၊,13
စး။,13
ဝ်ေ,13
စ္စဳ,13
ဿာ၊,13
ယျူ,13
ပၞဴ၊,13
လျား,13
စေး,13
ယော်,13
ဂြာ်,13
လှာ်၊,13
မေါ,13
ဇြုံ၊,13
လေံ၊,13
မှီ,13
စ္စံ၊,13
ဥ္ဇာ,13
ၜဳ။,13
လ္ၚု၊,13
ရှီ,13
မေ့,13
မွံ,13
ပ္ပါ၊,13
ချ၊,13
ဂၞု၊,13
ကျူး,13
ဒဵု။,13
န္တေ။,13
က၊၊,13
ၚ်္ဂဳ၊,13
လ္လဳ,13
သၞာံ၊၊,13
၏၊,13
ကျာ၊၊,13
ၚြ,13
ၚ်္ဃာ,13
ပ္ပေါ,13
ဒိ။,13
သ္ဍံ,13
ဂွု၊,13
ဂ၀,13
န္တ။,13
ပံ၊,13
ခါ်,13
က္ကဳ,13
ဒ္ညာ၊,13
မ္မ။,13
ဏှ်ေ,13
ဇေၞာ်,13
ဗါဲ,13
နေ။,13
ဂဴ။,13
ကှ်ေ။,13
ဂါဲ၊,13
စိံ,13
ဇော၊,13
န္တူ,13
သ္အး၊,13
သ္တ္,13
အဴ၊၊,13
ဘဴ။,13
လွာ။,13
ဗၠး။,13
ထေၞ,13
ခေါ်၊,12
ဒျာ၊,12
ၚ်္၊,12
ၚ်္န်,12
ဇြီ,12
ဂွေ၊,12
ၚ္ရု,12
ူ,12
၅း,12
ချိူ,12
ကြဳ၊,12
လ္တေ,12
မွှေး,12
တ္ၚေဲ,12
ဇး၊,12
ယူ၊,12
ကြီု၊,12
ကၟး,12
ပေါ၊,12
ဗျို,12
လါ,12
ဝှာဲ,12
ကှော်,12
ထူ၊,12
သ္မာ၊,12
ဇဲ၊,12
ခၞံ၊,12
တၟံ။,12
ပုံး,12
ဇွာ၊,12
ဒွာ,12
ကြီး။,12
ကဲ။,12
ကၞုဲ၊,12
ၾ,12
ဍဴ၊,12
သ္ဂာံ,12
ကျီး,12
ဗ္ဂို,12
ဇ္ညာ,12
သ္ဂး၊,12
ဃူ,12
ကှ်။,12
က္ညော,12
ပ္ညဳ။,12
မြား,12
ရော့,12
န္ၜဳ,12
ဇၞော််,12
နာံ၊,12
မ္ၚိ,12
ၚဴ၊,12
ဗ္ၚ။,12
နှဴ။,12
က္ခော၊,12
စုံ၊,12
လေ။,12
ဂေး,12
ဘွီး,12
ရှူး,12
ဂီု။,12
သ္ဒု,12
တ္တံ။,12
အ္စ,12
တ္ထာ၊,12
ဟုဲ၊,12
ပ္ပို,12
န္နော၊,12
ဘုံ။,12
ယျော၊,12
ဂ်။,12
လ၊၊,12
ၚ်္ကြံ,12
တွာဲ၊,12
ညေဲ,12
ၜောံ,12
ဝ၊၊,12
ဂ္ဂေါ,12
ဿူ,12
ဂ္ညိာ,12
ခု၊,12
ဗွဲ။,12
သာံ၊,12
ဿီ,12
မ္ကေ,12
ဇ္ဇာ၊,12
ပၠဴ,12
ဂၠောဲ၊,12
သိို,12
ၛာ်,12
ဋု,12
တှိ၊,12
ဒုဲ,12
ၚ်္ဃဲ,12
ၚ်္ဘော,12
ဗ္ဗေ၊,12
နိ။,12
ဟြ,12
ဝါဲ။,12
က္ခံ၊,12
ဆီ။,12
ဒၞဲာ,12
ဓာ။,12
ဇၟံ၊,12
သ္ပာ်,12
ဗၠဲ။,12
သြာ်,12
ဂဵူ,12
ဇဳ။,12
စ္ဍ,12
သ္တေ,12
ဗ္ဗ။,12
ညှာ။,12
ဆှ်,12
န်္ၚော်,11
သ္ကံ။,11
ဂၟု,11
သၠုဲ၊,11
လ္ၚဵ,11
ခိ်,11
ပါံ,11
ဋ္ဌဳ၊,11
လၟိ်,11
ဒၞဲါ၊,11
ချီး,11
လူ၊,11
ဖဴ၊,11
ဆး,11
ဏှဳ,11
ခၞာ၊,11
ဗ္ဂေါ၊,11
ဒ္စေ,11
မ္မိ၊,11
ႊး,11
ဂှ်ု,11
လ္ၚဴ၊,11
ဇောဲ,11
ဟာံ,11
နဵု,11
ဒြု,11
ဥုဲ။,11
မၞိိ,11
ၸ,11
ဂြာ၊,11
လေး၊,11
ဗော်၂,11
ဒဳ။,11
မဴ၊,11
သှ်ေ။,11
လှာဲ၊,11
ၛိ,11
ၢ,11
ႏ္ေ,11
ဆဴ၊,11
၀ို,11
နွှဲ,11
ၚ္ၚူ,11
မုး,11
သ္အော,11
တာ၊၊,11
တ္ၚဲ၊၊,11
ည္ဇ,11
စာ၊၊,11
ဟု။,11
ပ္ဍြ,11
ဇဴ။,11
ဂၠိ။,11
မှိ၊,11
ယာံ၊,11
တှ,11
ဂွေး,11
သၟောဲ,11
သွောံ,11
ပွါ,11
ခြီ,11
မဳဳ,11
ဂၞဳ၊,11
ၚွ,11
နာဲ၊၊,11
စ္စာ၄,11
န္ဓာ၅,11
လ၅,11
နၞော်,11
ရွဲ,11
တှိ,11
စ၊၊,11
ဒ္ဓံ၊,11
စၞာဲ၊,11
ဒံ။,11
ပှ်။,11
ဖျေဴ,11
န္တံ၊,11
ဒဲ၊,11
ဘွေး,11
သ္ထ,11
တေှ်,11
ဒ္ဒြဴ,11
ကၠး။,11
ဗၞူ,11
လၞီ၊,11
မြ။,11
ပျာဲ,11
ဆံ့,11
ကၠေဴ,11
ခၠ။,11
လျ။,11
မြာ။,11
မ်း။,11
ဟိုဲ၊,11
ၐဴ,11
တ္အေး,11
မြု၊,11
မ္မ၀,11
၀ဳ,11
ပ္ရံ,10
က္ကာ၊,10
ဂ္ဗ,10
ဟှ်,10
တီု၊,10
ကို်,10
ဗ္တံ၊,10
ဨ၊,10
လဵဵု,10
ထၞး,10
ဘူး၊,10
ကၟိ်,10
သၟဵု,10
တိ်ု,10
စွး,10
ထ္ပိုဲ,10
ၚံ့,10
ယွံ။,10
သဳ်,10
ဒၠေံါ,10
ကၞု၊,10
ဒၠာဲ,10
ဗြ၊,10
ဍေဲ,10
ဒ္ကး,10
ဗ္ဇး,10
ယှေ်၊,10
သ္ရောဲ,10
ဍီု၊,10
ီု,10
ဒြာဲ၊,10
သၠာံ,10
ဍူ၊,10
ထၞော,10
ထဵု,10
မ္ၚး။,10
ဂြီု၊,10
မ္ဒ,10
ဂြု၊,10
ဗဴ၊,10
ဗော််,10
စၠောံ၊,10
ခၠော,10
လ္ညာ,10
ၜူ၊,10
ခၟာဲ၊,10
ဟော်,10
ခၟံ,10
စၞး၊,10
ပ္ဖါ,10
မ္တဳ,10
ႏူ,10
ႏြံ,10
ှ,10
ကၠ။,10
ဟဳု,10
လျော့,10
ဖော့,10
ပ္ပေ,10
ပၠဲ,10
အ််,10
တး။,10
သ္ၚောဲ။,10
ပြီး၊,10
ပၟာ၊,10
ဖြူ၊,10
မှး,10
ဆ။,10
လ္ဂေါ,10
သွး၊,10
ၐာ,10
ၜုဲ,10
ဖၠို,10
သွီု,10
စ္စဲ,10
နီ၊,10
သ္ဗ,10
ၚ်္ဂီ,10
ကွဳ။,10
ပၟော,10
နွော,10
ခၞေါ,10
ပ္လိ,10
ဂြဳ၊,10
ဆီု,10
ယောံ,10
သၞုဲ,10
ဥ္စိ,10
သူ။,10
ဂ္ဂေ,10
ကွုဲ,10
ဂ္လို,10
ဇြံ,10
ဏ္ဍဳ,10
န္ဒြာ၊,10
က္ခု၊,10
န္တီး,10
မါဲ,10
ကု၊၊,10
တြုံ။,10
ပါ်။,10
သြဲ၊,10
၌။,10
၍။,10
သ္အေ,10
ဖျြာ,10
ဂ္ဂ။,10
မၟော်,10
သာ််,10
ဟဲ၊,10
ဏ္ဏံ၊,10
ပ္ဍံ။,10
ည္စ,10
ကျာဲ,10
ဗၟဴ,10
ထ္ၜ၊,10
ဗၞး၊,10
ဗ္စဲ,10
သာ၊၊,10
ထေံ,10
တိိ,10
စှ်။,10
သ္ပ္,10
ရှာဲ,10
က္သေံ,10
ဍာဲ။,10
ပေါး,10
ယိ၊,10
တ္ၜော,10
ဝ္ၜေါ,10
တ္ထ။,10
ၝိုဲ,10
စ္စိ,10
ဩဳ၊,10
ဖ္အး,10
ခ်။,10
ဗွး,10
ဖြဴ,10
ထဳ။,10
ဗျာံ၊,10
တ္ၚို,10
ဂၠု။,10
ကွေဲ,10
တ္ထံ၊,10
ဆိုဲ,10
ဟော။,10
မ္ဂ၊,10
ရ်္ကူ,10
ကေၠံ,10
ပြာံ,10
ရ်္မု,10
ဏ္ဍံ၊,10
သ္ဒ၊,10
ဂၠဲာ,10
အွ,9
ၚ်ြ,9
ဏီ၊၊,9
ဒို်,9
ကေံာ,9
ဖါ်၊,9
ဝ်၂၀၀၈,9
ဂၠေံ၊,9
ဇြဵု,9
မၞို,9
ဌေ၊,9
တွု,9
ဂှ်ေ,9
ႝု,9
ဟွဲ,9
ၚ္ၚ,9
ဝှို,9
တ်၂,9
စေံ၊,9
ထုဲ၊,9
ယိှဲု,9
မ်္ၚာ,9
မိ်,9
သၞာံ၂၀၁၁,9
နု်,9
ဂ္ဃ၊,9
ပၠေံ,9
ဒၟေ,9
ာ်,9
မ္ရု,9
န္နဳ၊,9
ဘဲ့,9
ၚေါ,9
ဂှ််,9
ကျုံး,9
ဗြဴဴ,9
လ္တူ၊,9
ဟီုး,9
ဖျေံ၊,9
နေဲ,9
သွဲ,9
ဗဳ၊,9
ပ္စ,9
သ္ဂါ,9
မျှော်,9
ဥ်၊,9
နြ္ဒဳ,9
ဟၟဲ။,9
ဝေါ၊,9
ကေုာ,9
ဏဳ။,9
မြဴ။,9
ကွေ၊,9
ဆား,9
ဌ။,9
ၚ။,9
ထဳ၊,9
မေဲ,9
ဟဵု။,9
တာံ၊,9
ဠူ,9
ပြုံ,9
မာဲ၂၀၂၀,9
လှီ,9
စေါ,9
တၟး။,9
ကွံ,9
န္ဒြေ,9
က္ကိ,9
သြီ,9
ဍီ,9
စြော,9
ခွီ,9
ခွီး,9
ဖဲ့,9
ခို့,9
တ္လာ,9
မွော,9
ၚ်္ကု,9
စိ၊၊,9
ချဳ။,9
ပ္ဍော,9
န္ဓိ။,9
ရောဲ၊,9
ပျာံ။,9
ဒ္ဓေါ။,9
ဂၟော်,9
ဗွဲ၊,9
ဓု၊,9
ပ္တဳ,9
ၚ္ၚို,9
ဥူး,9
တ္ၚ၊,9
ဏ္ဏာ၊,9
ဏှ်၊,9
ဇၟူ၊,9
တှဳ,9
တၞာဲ,9
ပၞီ,9
ဥ်း,9
ခါ့,9
လာ့,9
ထေး,9
တာ့,9
နော့,9
သံ။,9
မျီု။,9
ဂါး,9
ည၊၊,9
စေှ်,9
ဟ္မာ,9
လွဲ,9
ဗ္တေ,9
ယိ။,9
စ္စ။,9
မ္ၚဵု။,9
နှီ,9
မှာ်,9
ဗ္ၜး,9
မ္ဗာ၊,9
ၝဲ၊,9
ထဲ၊,9
လှဲ၊,9
လ္ၚ၊,9
လှဴ၊,9
ဂၠိို,9
မောဲ,9
ညဴ,9
ပိိ,9
ညှံ,9
မ္အး,9
ဒ္ညာ,9
ဇၞော်၊၊,9
ဂူ။,9
ၚ်္ဃ၊,9
ဃော။,9
တုံ။,9
မ္မေ၊,9
မၠီု။,9
က္ကေ,9
ဟ္မု,9
ဒ္ဒံ,9
စ္ဆော,9
န္နံ၊,9
ဋ္ဌိ။,9
မ္ဘာ။,9
ဒျ,9
ဂွ။,9
က္တဵ,9
ဒ္ဒြ,9
ဂၠး၊,9
သြ၊,9
ဂံ၊,9
ထော၊,9
ဒ္ဓ။,9
ပ္ပါ။,9
ဗ္ဂါ။,9
ရ်္ဗ္,9
နး၊၊,9
ဖဵု။,9
ပြောံ။,9
ပ္ကါ,9
ဒ္ဒဳ။,9
ဒ္ဒြာ,9
ထာ်,8
ၜဲါ,8
ပွို်,8
လၞော,8
လ္တို,8
ရ။။,8
လ္ဘာ်,8
ကၠီ,8
ရ၆,8
ပှာ,8
ရ၅၀,8
မြို့၊,8
ပွု,8
ကဵု်,8
ထေဲ၊,8
တြို,8
ဗ္ဂော၊,8
သ္ကီု၊,8
ပိဲို,8
တၞုံ,8
သၞာံ၂၀၁၂,8
ကၠာဲ၊,8
ပျို,8
ဆာံ၊,8
လ္မို,8
ခိ်ု,8
ခၟု,8
ထး၊,8
တောဲ၊,8
မ္ရဵု,8
ချာဲ၊,8
ဂဲါ,8
န္ၜ,8
တုဲု,8
မေံ,8
ပ္တ္,8
ခၠေဲ,8
ဂွိ၊,8
ကေု,8
လွာ်,8
ဟောဲ,8
သ္ပေ,8
မၠ၊,8
ကၟုဲ၊,8
လဲ့,8
က္ဍဳ၊,8
ချး၊,8
လှဵု,8
ဂွါဲ,8
ချဲ့,8
ဗ္ဗံ၊,8
သ္သို,8
က္,8
ျ,8
မ္ဘီ။,8
ပျူ၊,8
ဠာ်,8
ရော်၊,8
ခြဴ,8
ဗုံး,8
မၠောဲ,8
အုဲ၊,8
ၲာ,8
ၥိဳ,8
ဿဲ။,8
ကွဴ၊,8
ဒေါ့,8
သဲ။,8
ဂၠေဲါ,8
ညဳ။,8
ထၟာဲ၊,8
ပ္ကော,8
ႜ,8
ပာ,8
ၜော်,8
ဂၟိ,8
ခၟာ်,8
အာံ,8
ဗျော,8
ဖုံး,8
ဇၟော်,8
တွံ။,8
န္ဓော,8
သ္ၚး,8
ဖွေ,8
ဟီီု,8
သော်။,8
သု၀,8
ဒၟော,8
ဖြိ,8
ဗ္ဂဲ၊,8
တုဲဲ,8
ဇၞေ,8
စှ်ေ။,8
ဗၟာံ,8
မှေ၊,8
မ္တး,8
ဥ္စ၊,8
ယျဴ,8
ဗ္ဗော၊,8
ဋံ,8
ပ္ၚါ,8
ချူး,8
ရ္မေ,8
မဲ၊၊,8
န၊၊,8
ဂြ၊,8
ညှ၊,8
လှ်ေ။,8
ဓ။,8
ဒ္ဒေ၊,8
ၚောဲ,8
ဇျီု,8
ရှောဲ,8
ကၠာ၊၊,8
တဲ၊၊,8
ဓံ၊,8
ဂ္ဂေါ၊,8
စ္ၜောဲ,8
ဗၟာ၊၊,8
တီ၊၊,8
ဂျူ၊,8
ကေ။,8
ရွေ၊,8
ည္စာ,8
တဳဳ,8
သ္ဇေ,8
ဖာ။,8
ဃ။,8
ရိ။,8
ဖိ။,8
ထ္ၜူ,8
ပေါံ,8
ဗ္ဒာဲ၊,8
ဂွဳ၊,8
ဏှဳ၊,8
လုံး၊,8
မ္မဴ,8
ၚ်္ဂိ,8
ကျာ်၊၊,8
ညး၊၊,8
ၚ််၊,8
လၟ၊,8
ဘို့,8
မၟဴ,8
မြေံ,8
ဘာ၀,8
မ္ဘု,8
က္နိ,8
ဃေါ,8
န့်၊,8
မ္သု,8
ဟ္မေ,8
ဟ္မာ။,8
ဒ္ဒု,8
ပိိုဲ,8
ကဳ။,8
ဉ္ဇိ,8
စ္တိ,8
က္ဃ,8
မိုး၊,8
ကြဵု၊,8
ၚ်္ဂါ။,8
ဍး၊,8
သ္ဒီု,8
ၞ,8
မှ။,8
ဇှ်ေ၊,8
ဂျော့,8
ယှံ၊,8
နောံ,8
ၚီု,8
ဒြာ။,8
ဒ္ဓိ။,8
ခဴ၊,8
မြွေ,8
ရူ။,8
သီ။,8
စၠာ,8
သွ။,8
ဆဴ။,8
ကျာံ။,8
ဖြာ။,8
ဇြ။,8
ဏာဲ၊,8
က္ၜဳ၊,8
မု။,8
မ္ပာ၊,8
ပ္တာ,8
ဗ္ဗာ၊,8
တြဴ။,8
ယၟုံ,8
ရှာ။,8
သ္ထာ,8
ၜဴါ,8
မြံ၊,8
ရ်္ယာ,8
သ္ယု,8
မဵု။,8
ဖေါဲ,8
ထံ၊,8
ဗြုဲ,8
သ္သော,8
အြ၊,8
ရ၈,7
သှေ်၊,7
ဆဵဵု,7
ဒျာ။,7
တှေ်။,7
သၞာံ၂၀၁၅,7
သ္ကောံ,7
က္ဋ,7
ဟ္ၚာှာဲ,7
ယီု၊,7
ႜိဳ,7
ဇှော်,7
သှော,7
ဇျှော,7
ဒေါံ၊,7
တ္တီ,7
ၚေု,7
ထ္ၜ့း,7
ဝှါ,7
ဇီု၊,7
ဒၠေါ,7
ထိ်,7
ႊာ,7
ခၞ၊,7
တဵု။,7
ဟီို,7
ဗၠု၊,7
တ်၂၀,7
သၠဲ၊,7
လျှံ,7
ရှိုး,7
ကုို,7
ချ်၊,7
ဂၠုဲ၊,7
ဗ္ဒါ,7
ဃဲ၊,7
ဖ္ဍး။,7
ၜာဲ,7
ဉူ,7
တဲုဲ,7
ဗြံ၊,7
စၞု,7
ကျာ်ေ,7
စိုု,7
ဏှိ,7
အး။,7
ရိ်ု,7
ၚ္ပ,7
ၚ်္သဳ၊,7
က္ၜး,7
ဍုု,7
က္ၜေ,7
သၠး၊,7
သၞာဴ,7
သှိုဲ,7
သ္ဂ္,7
ပၠီ,7
ခ္ဍိ,7
စြာ,7
နား၊,7
မ္ဍို,7
ၝာဲ။,7
မၠဴ,7
ဗ္ဂဵု,7
တၞံု,7
ခၞဲ,7
ကၟော်,7
သိံ,7
ကၠောံ၊,7
ဂၟ,7
ဂြီ,7
ၚွေ့,7
ပ္ဓု,7
ဗါ၊,7
ဂျီး,7
သၞာံ၂၀၂၀,7
တ္ဂိ,7
ကၠေဲ,7
ဗ္တောံ,7
ရွေး၊,7
ဋ၊,7
ကြူ,7
ဒွာဲ,7
ဂြ္,7
ၿ,7
နျ,7
ဝျ,7
ၚ်္ဝ,7
ႅာ,7
လွှဲ,7
မူ။,7
ဇ္စျိ,7
ပု၊,7
ဗျိ။,7
ရှုံး,7
လှာ။,7
ဟျ,7
တိို,7
ဍ်,7
ဗာ။,7
ဠိ။,7
က္ဆ,7
သ္ဇော,7
ကာ၊၊,7
ပြး။,7
ဂ္ညါ,7
ဒ္စါံ၊,7
ဝိ။,7
ဒိံ,7
ယေ၊,7
ဗ္ဗော,7
ဗြာဲ,7
ဝး။,7
ဇျာ်,7
ဂွါ၊,7
ပၠာ၊,7
ယဴ၊,7
ဖျာ်၊,7
စောဲ။,7
သ္ၚာ။,7
သဳ၊၊,7
ဒွို,7
ဟီု၊၊,7
တေဲ၊,7
က်ေ,7
သွာ်,7
ၚူ၊,7
တ္ၜိ,7
ဇူ။,7
သး။,7
ဃံ၊,7
မၞုဲ၊,7
ဇြး,7
လ၆ု,7
ရု။,7
ဘိံ,7
တၟ၊,7
ကၠိ၊,7
ခိ၊,7
ၚ်္ဂ၊,7
မၞ၊,7
ကွ၊,7
ဗျောံ၊,7
ဂြဲ၊,7
မှ်၊,7
ဂဲ၊,7
ပီး,7
ဂ္လော,7
သၞာ်၊,7
ၚ်္ကာ၊၊,7
ကြော်,7
က္ခေ၊,7
အ၊,7
ဗှော်,7
တော်။,7
ညော၊,7
ဇှ်။,7
စၠံ,7
မ္ကာ,7
ဂၠ၊,7
ဒေါ၊,7
သား၊,7
နှံ့,7
ဒေဲ,7
ၝို,7
စၞာဲ။,7
န္နာ၊,7
နူ။,7
တ္တေ၊,7
ယျံ၊,7
မော။,7
ဘံ၊,7
မ္ဖ,7
သၟ၊,7
ၚ်္ကျီ,7
လီ။,7
သ္အာ်၊,7
ဇြာဲ၊,7
ဿာ။,7
သ္ပိ,7
မၠဵု၊,7
ဂါ။,7
ဇွာ။,7
က္ၜိ,7
ပြာ၊,7
က္တီ,7
ဒၠိ,7
ချေဴ,7
လှောံ,7
မ္လိ,7
ွ,7
ကာံ။,7
ပိို,7
န္တီ,7
ဏောဲ,7
ဒွီု,7
အိိ,7
ဒ္ဒ။,7
ဒၞဳ၊,7
ဒၠ,7
မ္ၚော,7
ပၞေါ,7
မို့,7
ဖါ။,7
တာဲ။,7
ဖြူ။,7
စြိ,7
ကၠဲ,7
က္အိ,7
ဂၠုဲ။,7
ရ်္မ,7
ရ်္,7
လီး,7
ၚ်္ဗော,7
ဩံ,7
မၠာဲ၊,7
ဇု။,7
ပ၀,7
ဗၞော,7
ထေဲ။,7
ကူ၊၊,6
ဟေ၊,6
မၟုဲ,6
ဖြူး,6
သၞာံ၂၀၁၆,6
ဗ္ဇ,6
ဒေ။,6
မှုး,6
သၞာံ၂၀၁၃,6
ပၞာ်,6
႕ံ,6
ပ္ညီ,6
ၛဲ,6
သၠိဳ,6
န္ေ,6
ပ္ေ,6
ထ္ကး၊,6
ရိို,6
ပြာ်၊,6
စဳ။,6
တိုဲ,6
ရ၀၀၀,6
အိ်ု,6
ယှ၊,6
သၞာံ၂၀၁၄,6
ဂၠဲ,6
ကုီု,6
သၞာံ၂၀၀၈,6
ၚး၊,6
ၚိဲ,6
ဗွေ,6
ို,6
ၟ,6
ဝာ,6
၀ံ,6
သ္ဂဴ,6
ႉ,6
ဂောံ,6
ဇြဳ။,6
တ္ကဲ,6
ဟွံံ,6
ဇး။,6
ၚ္ဍဳ,6
န္မ,6
သီီု,6
နွံံ,6
ခ္ဍု,6
လေဲ။,6
ဂှှ်,6
လေဲ၊,6
ခၞော်၊,6
ပ္ကောံ၊,6
န္ဓဳ,6
ဂျွာ,6
မၠို်,6
ၚ်္ၚ,6
လ္ဂံါ,6
ရ၄,6
မၠေံ၊,6
ဖဲါ,6
ဟား,6
မျံ,6
ဒေ၂၀၀၈,6
ဗ္စာဲ,6
ရဵု၊,6
တီေ,6
ဉ်။,6
ၝ၊,6
ၚ္၊,6
ကြး,6
ဗဲါ,6
ဆူ၊,6
ဖ္ဖ,6
သျာ,6
ဏော်,6
သၞော်၊,6
တၟောံ,6
ဟှံ,6
သၞာံ၂၀၁၈,6
ယျိုဲ,6
ဒ္ကု,6
စိုး၊,6
တၞး။,6
ဝ၁၁,6
တျေ,6
ကၞး,6
ကြောံ၊,6
ဇြဲ။,6
ဂျိ။,6
က္တဵု၊,6
လ်ု,6
နဲာ,6
ပဲ။,6
ၚ္ၚး,6
န္နး,6
လ္အ,6
အှ,6
ၜါ၊၊,6
ဂွေါ,6
မ္လာ,6
မ္ၚောဲ။,6
ယျုံ,6
တ္ထေ၊,6
ယး။,6
ဒျ်,6
ၚ်၀,6
န္ဒး,6
န္ဒိံ,6
ၚ်္လာ,6
ဂ္ဃါ,6
ဒၞာံ,6
ဟွဴ,6
ၚ္ၚဳ,6
လှုံ,6
ဏှဴ,6
ဏ္စ,6
ၚာ်။,6
လိိ,6
သြဳ။,6
ဖ္ဍဳ,6
ကေုာဴ,6
တၞီ၊,6
ရှူ,6
ရဳ၊၊,6
မ္ၚု၊,6
ဇ္ဇျေ,6
သ်၊၊,6
ဘာ၊၊,6
ဏာ၊၊,6
ကဵု၊၊,6
ဂ္ၚော,6
က္က။,6
ဇၟာ၊,6
ဒ္ၚ,6
တ္ဍော,6
ယေ။,6
ရှိ။,6
ကို။,6
ရား၊,6
ရ်္နော,6
ဗ္စါ,6
လီု၊၊,6
တ၊၊,6
ပါ၊၊,6
ဇူး,6
လ်၊၊,6
ကဵုံ,6
ဟိ။,6
ဘ။,6
တၠော,6
သ္ၚိ၊၊,6
တွာ။,6
ပြဵု၊,6
မၞာံ၊,6
လွဵ,6
မ္တို,6
ကၟာဲ။,6
ပျဲ။,6
ဖဲ။,6
မ္ဗေ,6
ဖြု,6
တ္ထဳ၊,6
ဂ္ည,6
ဇိို,6
ဂြဲ။,6
ည်း၊,6
ထ္တိ,6
ကၠံ၊၊,6
ပ္သာ,6
ဇျုဲ,6
မ္မာ။,6
ညံ၊,6
ကွာဲ။,6
က္ၜေံ,6
ဇ္စျာ,6
တြု။,6
ဂ္ဂိ၊,6
ၚ္ၚံ,6
ဒ္ဓု,6
ဇ္ၛာဲ,6
သၞူ၊,6
သၞာ်။,6
ဋေ,6
ဘော၊,6
သၟး။,6
ပ္အာ,6
တှာ,6
ဇျော,6
မၠး၊,6
ပ်၄၅,6
သှိ,6
ဍေဴ,6
သြူ,6
ဇၟး,6
သ္ခိ,6
သၟီ၊၊,6
ကို၊,6
ဒွုဲ,6
စြို,6
ဂၞဲ။,6
ကၠုု,6
ပွေါ,6
မာ၃,6
လ္ၚဵု။,6
ပ္ဖို,6
လေား,6
ထဴ။,6
ဂွါ။,6
ဒေါ။,6
တွော,6
ဒ္ဍ,6
ခၠ၊,6
ဉှ,6
နေဲ၊,6
ဉ်း၊,6
ကီီု၊,6
ဗ္လး၊၊,6
ပိၟ,6
မှုဲ၊,6
ကြီု။,6
ယား၊,6
ရေး။,6
ၚ်္ကျား,6
ဒိို,6
သ္တး၊,6
မ၀,6
မၞာဲ,6
မ္ဗံ,6
ဒွါဲ,6
ဓဵု၊,6
တ္ၚီ,6
ပြီး၊၊,6
ဂၟာဲ,5
ချို၊,5
ဒံၟံ,5
သိူဲ,5
ဗၞာ,5
အ္ၚာ,5
ပး၊,5
အဲ့,5
ၚိုဲ၊,5
မြဵု,5
စဳး,5
ဟုီု,5
ကဵုု,5
ၛဳ,5
မျိုး၊,5
တ်၂၅,5
ဇ္ဇျှ,5
ရ၉,5
႐ုီ,5
နှေး,5
ဖျူ၊,5
ဝ၆,5
ဗွံ,5
ခၞာဲ,5
မာံ၊,5
ခ္ၜ,5
လ္ဒံ,5
ထ္မံ,5
တွဵ,5
ဖျး၊,5
လွး၊,5
ခြော်,5
ဂွံံ,5
န္ဒု၊,5
တုို,5
၀ွံ,5
ခ္ဍး၊,5
ဇြိုဲ၊,5
ဠောံ၊,5
အ္စံ,5
မၟေ,5
ၐါ,5
ပြောံ၊,5
သှာံ,5
ၚှာ,5
သၞာံ၂၀၂၁,5
ပၞး၊,5
မ္ဗ၊,5
ကၠာံ,5
ၵ,5
ကၠော်,5
ဌီ,5
ပျူ။,5
စိ်ု,5
ညာေ,5
ခြေဲ,5
ဂေါ့,5
ယူ။,5
ထုံ၊,5
ဂ္တ,5
က္ပ,5
စောံ၊,5
်ြ,5
ဇၟို,5
လျော်,5
မ္ဘီ,5
ဓၟံ,5
ထ္ဍို,5
ဒၠေံ,5
ဝု၊,5
ပ္ပါဲ၊,5
ဟ်၂,5
မာဲ၂၀၁၅,5
ရု်,5
ဓၟာ,5
တ္တု၊,5
လ္စံ,5
စၟး,5
ၲိဳ,5
ၚ္အု,5
တ္ရ။,5
တ္တဲ,5
ဟြံ,5
ခါဲ၊,5
ဓာဲ,5
တ္ေ,5
ဢာံ,5
ရဳု,5
ခၟာ,5
ဗ္ကော,5
ဂြာဲ၊,5
ကြာ။,5
နာ့,5
မၞုံ၊,5
ပၠံု,5
ဟွံေ,5
လ္ၚို,5
မှား,5
တြီ,5
ၚၠ,5
ပ္တီ၊,5
မ္တံ,5
လၟု၊,5
စေါဲ,5
ဝဴ၊,5
ထာဲ၊,5
အျ,5
လ္ပာ်။,5
ဘာဲ,5
သ္ၚု။,5
သၟူ၊,5
ၚါ့,5
ၚ္ၚာ်၊,5
မုဲ၊,5
တ္တာံ,5
နာံ။,5
ဓၟါ,5
ခွံ,5
ဗာ်၊,5
ကုံး,5
ညဲ,5
ကေၠာ,5
ယဵု။,5
ပျော့,5
မွာ,5
တဴ၊၊,5
ၚ်္ဂေ,5
နာ၂၅၀၀,5
ၚေဲ,5
က်ဵု,5
မ္ၚာ။,5
ဖေ့,5
တ္ဍဲ,5
ဋ္ဌံ,5
ဂ္ဂိံ,5
တြြ,5
ယိံ,5
ကောဴ,5
ကၞေံ,5
ခေါဲ,5
တ္ကံ၊,5
ဗြ။,5
ရ္မ,5
ကၟာ။,5
သ္ကဴ,5
ပ္ါ်,5
ဓိ၊၊,5
ပေ၊၊,5
ဍွော,5
ၚ်္ချ,5
လာံ။,5
ဒ္ဂူ၊,5
တၟာဲ၊,5
ညာ၊၊,5
သွး။,5
ယွဴ,5
ပ္ဍာ,5
၎်,5
မျိုး၊၊,5
အဲ၊၊,5
ဒေံ။,5
ဗ္စေံ,5
မျိ၊,5
ရုဲ။,5
ဒ္စာံ။,5
ဇြဴ,5
သိၟ,5
ဗ္ဍို,5
ဒှ်၊၊,5
သၟး၊၊,5
ၚ်္မ,5
တ္တော။,5
စ္ဆာ။,5
ရ၊။,5
သွဴ၊,5
မး။,5
န္ဒော။,5
စ္ဆု၊,5
ဒၞော်,5
ဘဳ၊,5
ဗျု။,5
ဆွာ,5
ဒၞေါ,5
က္ဍီု,5
ပွ၊,5
ဗး၊,5
ချံ၊,5
မှဲ၊,5
ဖီး,5
ဗျား,5
မ္တူ,5
ဒး၊၊,5
ဍိို,5
ရိိ,5
ၚ်္ပ္,5
တ္ကော,5
ဝေါ။,5
ကွု,5
ကိို,5
ဟဲ။,5
ခၠဲ၊,5
ဖွဲ့၊,5
န္လေး,5
၍၊,5
ဂေုါ,5
က္ကြ,5
ည္စေ,5
မ္လေး,5
သ္မု,5
ယျဵု။,5
စာ်၊,5
တၟော်၊,5
ၛောဲ,5
သောံ,5
ဇ္ဇံ,5
သ္ဖို,5
ဗ္ဘု,5
ခံ။,5
ဒူ။,5
သ္ကာ။,5
တ္တဵု၊,5
သ္အာ။,5
ဂါံ။,5
ဟဴ,5
ဗြာဲ၊,5
သ္ၚာဲ၊,5
ဝူ၊,5
ဗဵု။,5
ရော်။,5
ယာ်၊,5
သ္စိ,5
ဿဳ၊,5
မ္ဂ။,5
အံ၊,5
ၤ,5
ဂၠာ်,5
ဿံ၊,5
ဿဳ။,5
ဂြး၊,5
ခြဳ,5
ကၠီု။,5
ၝ။,5
မ္တဴ။,5
ဒ္ဒ၊,5
ယါ,5
ဧ၊,5
က္က်,5
မ််,5
ပ္ဘ၊,5
သ္အး။,5
တၠာ,5
တ္ထို,5
ဗၞဲ,5
ယ်ှ,5
န််။,5
တၠို,5
မာ်။,5
လံ၊၊,5
အံ့,5
ဂ္ညိ။,5
မ္ဂး၊၊,5
ဋ္ဋိ,5
မာ၀,5
လှာဲ။,5
သ္အဳ၊,5
ဉှာ,5
ပြူ,5
လှဴ။,5
ၚာဲ။,5
လဲ။,5
သၠ။,5
ပၟာ။,5
လ္ၚု။,5
နှဳ၊,5
ဖံ၊,5
ဖ္ဍာဲ,5
သၠီ,5
သုံ၊,5
ဖေံ,5
ဗ္ဗူ,5
ဘော။,5
ဆာ။,5
က္ၑေ,5
ဟို့,5
က္ခ၊၊,5
ကျာ်ြ,5
ဗိို,5
ဍိိ,5
ကၠေံ။,5
စိိ,5
ဒြဴ၊,5
ၞ၊,5
တွဴ,5
ဇ၊၊,5
နောဲ,5
ကေၠာံ,5
ဗ္ၜေံ၊,5
စေၞာ,5
မြော၊,5
ဗ္လး၊,5
ရ်္တူ,5
နၞ,5
ဗ။,5
နျူး,5
တား၊,5
ဗျး,5
သၞံာ,5
ၑိ,5
တ််၊,5
ယီု။,5
ပ္ဖိ,5
ဏ္ဍံ,5
သ္ဍော,5
ဘု၀,5
ဇာ၀,5
သူ၀,5
တၟုဲ၊,5
ဂၟို,5
နှ်၊,5
ၚာ။,5
ဘ်။,5
ဏော၊,5
ၛ၊,5
တဲ့၊၊,5
တ်၁,5
၀ု,5
ခြေံ,5
မာဲ့,5
ဂေ၊,5
ၚ်၂၁,4
ထ္ပာ်,4
တိုး၊,4
စုို,4
သၞဴ၊,4
သၞာံ၂၀၁၇,4
ရ္ၚာ,4
မျ၊,4
ရ၂,4
သၟာံ,4
ဒၞဲါ။,4
ပ္စံ,4
ဂျဵု၊,4
ပ္သၠိဳ,4
႘၊,4
ဖျာံ,4
ခွျေ,4
ကှေ်၊,4
ဂဵဵု,4
သီး၊,4
န္ၜို,4
ပ္ဍဲူ,4
စါံ,4
ႇာ,4
ဟ္ၜို,4
မၞှိ,4
ဂှေ်,4
ကၞာဲ၊,4
ဖျဵု၊,4
႕၊,4
ဖို်,4
ဖွော,4
သၞာံ၂၀၁၀,4
ဇၠိ,4
ဈာ,4
ဒုံး,4
ဓဲါ,4
ဒဳ်,4
အဵု္ၚ,4
ဗ္စး၊,4
ဂျာ၊,4
ကၞ္ၚာ,4
ညဵု၊,4
ဗ္ဇဴ,4
က္ချှ,4
လ္ဒဵု,4
စၞော်,4
ဇ္ဈိ,4
န၊်,4
ခွီု,4
က္ၚေံာ,4
ဂုံ၊,4
ဴ,4
တ္ၜး,4
အှော်၊,4
ကၟဳ၊,4
ဖၟုံ,4
ပှော,4
ပ္တေံာ,4
ၚ်္တ္,4
တြး။,4
ဟုီ,4
သုီ,4
ဟ္ဂ,4
ဂွာ်,4
ဗုီ,4
ဗွာ,4
သၞာံ၂၀၂၄,4
သို်,4
ညှော်,4
ဝှဲ,4
ၚ္လ,4
လှီု,4
က်ျာ,4
့,4
ကွါ,4
ပြေ။,4
ဒ္စဵူ,4
ဠော၊,4
ကၟောံ,4
ဗၟာဲ,4
ါ,4
ၚုံ,4
ပ္ဗ,4
မ္၊,4
ဇေ၊,4
ဵ,4
ျု,4
ရ၇,4
ဟဳ။,4
ပြုံး,4
စဳၟ,4
သွာဲ,4
ပြွ,4
ဗၞေ,4
မိုဲ,4
ၚှား,4
ပ္ဍုဲ,4
နၞဴ,4
ၜါ်,4
ကဵုေ,4
ဃောဲ,4
သ္က၊,4
စြေ,4
က္ေ,4
ဘှ်,4
စၠေ,4
ရ၃,4
န္လိ,4
န္ပ,4
တွ္,4
ဟ္ေ,4
ၥာ,4
မျဳု,4
မြာ်၊,4
ဏှ၊,4
ၜီ,4
ပ္သဲ,4
ဗျာ၊,4
ပ္ဍဲဲ,4
သ္လာ,4
မှူး၊,4
ၚ််။,4
ပ္တောံ။,4
ၲဳဲ,4
႐ုီေ,4
ၢြ္,4
ႏူေ,4
ႆံ,4
ဗြု။,4
ဥု။,4
ဇျှဵု,4
ပဲ၊,4
ပိုး၊,4
တဵ,4
လု၊,4
ဇုဲ၊,4
ဿာဲ,4
မှု။,4
ကဴု,4
ဂှံ,4
ဂၞျ,4
ဒၞါ၊,4
က္ဍေ,4
ကဴ။,4
ညးး,4
အဲာ,4
ဂ္ၚ,4
ဒ္စါ,4
ပဲါ။,4
တာ်၊,4
ပ္ကဲ,4
လ္တူ။,4
ဗၠောဲ,4
ဏှော,4
ဗူ၊,4
ရေ၀်,4
ရဲာ,4
ဝေဲ,4
အေး၊,4
ၚ္ၚာ။,4
ဏ္ဍ။,4
ပ္ဍေဲ,4
ကၞိ၊၊,4
မၠဲ၊,4
ဗွော,4
စ္အး,4
ဂး၊၊,4
လွု,4
သ္တွ,4
က္လာ,4
တြာ၊,4
ဿျူ,4
ၚ္ၚာ၊,4
လျီု,4
ရ၊၊၊,4
စူ၊,4
ရောဲ။,4
ဂဵ,4
ပ္တေါံ,4
တွ၊,4
ဂ္ဂါ၊,4
တၟာဲ။,4
ဖျေံ။,4
ပၞီ၊,4
ဋ္ဌာ၊,4
ဣ၊,4
ဂြူ,4
ဇျောံ,4
သ်ာ,4
ဗှ်။,4
ကြာံ,4
ဏ္ဉာ,4
ဒ္ဓီ,4
ဒၞာ။,4
ဂၟါ,4
လ္တာ,4
ယာ၊၊,4
က္လု,4
ကွေဲ၊,4
တြုဲ,4
ပျာ၊,4
ဂွံါ,4
ဗ္စဳ,4
မ္ၚူ၊,4
န္နီ,4
ချား,4
သၟာ်၊,4
ခွေး၊,4
ဂၞဲ၊၊,4
ဒ္ဓ၊၊,4
ဍာံ၊၊,4
ဒ္ဒါ။,4
သၞား,4
သ္ပါ,4
ကြဳု,4
ရှု၊၊,4
ဏှ်ေ၊,4
ရာ၊၊,4
ဍော်,4
ဖ္အ,4
ၚြာ,4
ဗွဴ,4
ဆဵု၊၊,4
ဋ်၊၊,4
ညေ၊,4
ဏ္ဍီ,4
ရာံ။,4
ဒၠံ,4
ၚ်္ချာ။,4
ဗ္စ၊,4
မ္ပါ၊,4
တွဳ၊,4
ဋ္ဌိ၊၊,4
ရှံ,4
ဂွော,4
က္ထ,4
ၚှါ,4
လ္ဆ,4
သၞော်။,4
ရ်ှ,4
ဒ္စာ,4
ၑ္တြ,4
ဗ္ၜေါ,4
ဝ်ှ,4
ရေဲ၊,4
ၜှေ,4
ဗြုံ,4
က္အီ,4
ယျေ၊,4
တိံ။,4
လောံ။,4
ရှ်။,4
မှ်ေ,4
ဗု၊၊,4
န္ဓဴ၊,4
ဒွံ၊,4
ဇံ၊,4
ဟောံ၊,4
လ္ၚး,4
ထွီး,4
စော့,4
ပ္ဒ,4
ပ္အော,4
ဒ္ကုဲ,4
ဠာဲ,4
ဖ္ဍာ်,4
ပ္လော,4
ၚ်္တၠု,4
မ္အ,4
သ္တြ,4
ဉုဲ,4
ဟာဲ။,4
ဂျဳ။,4
ပြာဲ။,4
မၟိ,4
ချုဲ,4
ကြေံ,4
ၐြာ,4
ည္ဒာ,4
မ္လီု,4
ဠှိ,4
က္ဍော,4
ရာ့,4
ၚ့်။,4
သို့။,4
ဟ္မိ,4
ဎေါ,4
ဒေါး,4
ၜိံး,4
ဒိံး,4
န္ဂး,4
နွိံ,4
ဟ္ယ,4
ဟ္လေး,4
လိး,4
သှိး,4
လျှို့,4
ၚ်္ဂ။,4
မြေး,4
ကျော်၊,4
ၜါဲ။,4
ဇြာံ,4
သ္အုဲ,4
ၚ်္ဂံ,4
ဒ္စံါ၊,4
ဝှာ၊,4
စ်၊၊,4
ၚ္ၚာ်။,4
ဎု,4
ကုဵ,4
တုိ,4
န္ဒံ၊,4
န္တာ။,4
ဇ္ၚး။,4
သိံ၊,4
ဃာ၊,4
ဇံ။,4
ဗ္ဘ။,4
ယ််,4
ဏေ။,4
ထိ။,4
စ္ဆံ,4
ဓိံ,4
လ္ၚီီ,4
သံံ,4
ဇ္ဇာ။,4
ဗၞး။,4
ဇ္စျေ,4
ဎ္ဍ,4
ဎ္ဍိ,4
က္ၑ,4
ဆွေ၊,4
ဒါံ၊,4
ကြော်၊,4
အာဲ။,4
တ္တာံ၊,4
စ္စု၊,4
ဝူ။,4
ဏု၊,4
ဝှဴ,4
ဂဳ။,4
တ၀,4
မ္တိ,4
ဗ္ဇဵု,4
ဥူ။,4
ၝောဲ၊,4
ၝာဲ၊,4
သူး,4
သှ၊,4
အီု,4
နြာ,4
ဋဳ၊,4
ဖၞံ,4
ချ။,4
အ။,4
မှီ၊,4
ဏု။,4
စီ၊,4
ဗာံ,4
ဏုဲ,4
ဍောဲ,4
လၞီ။,4
ဒြဳ,4
ခဳ။,4
သုံ။,4
ပ္ပေ၊,4
ဂၞု။,4
ဍူ။,4
မြိ။,4
ကၞး၊,4
ဌိ၊,4
က္ဍိို,4
ဗၟု,4
သု။,4
ဝါး၊,4
စဵ,4
ဍာ််,4
လ္ကံ,4
န္ဒြ၊,4
ဝွံ၊၊,4
တ္လူ,4
သြဴ။,4
ချာဲ။,4
ယဳ။,4
လ္ၚ။,4
ၛာ။,4
ဂြာဲ။,4
မှာဲ။,4
ဒၟ။,4
ၜူ။,4
ဂိုး,4
ကျ်,4
သ္ဖု,4
ဖ္ဟုး,4
ဗ်၊,4
န္ဍ,4
ရွေ့,4
ဂ္ဃိ,4
ဂ္ဂိ။,4
ဗေေ,4
ဌဳ။,4
ညိိ။,4
ယီီု,4
လွူ,4
နွံ၊၊,4
ဂၠါ,4
ဒ္စံါ။,4
နာ်။,4
ချေံ။,4
ကၠဵု။,4
ဂွဲ,4
ယှ်။,4
ၜေါံ,4
ထော်၊,4
ပ္ဖ၊,4
စှေ်။,4
ရ်္ယု,4
သ္ဒူ,4
ရၟိ,4
သ္ပြာ,4
တၟူ,4
သ္ဇိ,4
ဂ္လီ,4
ရ်္ဒ,4
ပ္ဇု,4
ရ်္ာ,4
ဇဲ။,4
သ္ၚဳ။,4
ချေ။,4
ခ်ျ,4
ဂျော်,4
ကြွေး,4
ဗွီး,4
မာဲ၊၊,4
ဟှ်ေ,4
စၟု,4
ခၠံ၊,4
တ္ၜော်,4
မြုဲ,4
မြာံ,4
မၠောံ၊,4
မၠောံ,4
သ္ၚဴ၊,4
ၜေါံ၊,4
ပၞေဲ၊,4
မၞီ,4
မှာဲ၊,4
ဗြံ။,4
သော၀,4
ဇော။,4
ဂ္ဃာ,4
ဠုံ,4
ပ္တဴ။,4
ပံါ,4
က္ဃ၊,4
ဖြး,4
ဇိ၀ိ,4
သြီု၊,4
ဓိ၀ါ,4
ဝှါဲ,4
န္ဒြာံ,4
သောဲ။,4
ဗ္ဒာဲ။,4
ၟ၊,4
ဓ္ဇ,4
န်၂,3
တုှဲ,3
ဒေံါ၊,3
ခွိ၊,3
ခ္ၜံ,3
ဆောဲ,3
နွာ,3
ဂၠီု,3
ဟွံး,3
ထူး၊,3
တ္သ,3
ဳ,3
တွေ၊,3
လဵ,3
နံ့,3
သြို်,3
တ်၆,3
အ်ေ,3
ဇၟါ,3
ညော်,3
ဝါ၀ါ,3
သၞာံ၂၀၁၉,3
ဟီု်,3
လ္ထူ,3
သၞာံ၂၀၀၅,3
ၚ်္က၊,3
ပၟိ်,3
မ္တူ၊,3
ဒၞောဲ,3
န္ၚဲာ,3
ပုို,3
ကူု,3
ဂျံ,3
ခၟဲါ,3
ပၠုံ,3
လျိူ,3
က္ပ္,3
မ္ထီ,3
ယှဵု၊,3
ၚ်၂၅,3
နုံး,3
ထြ,3
စျ,3
ခြူ,3
ကျား၊,3
ခုံ၊,3
ဂွ္ၚံာ,3
ပ္တီု,3
သ္ဘာ,3
လိို,3
သှ်္ၚာ,3
ဇျှိ,3
လှုာ,3
တီီ,3
ခ္ဍေါ,3
ယျး၊,3
လှေ်။,3
စၟီ,3
ဗ္ဂံ,3
ၐး,3
စှး,3
ဇျှာ်,3
မီ၊,3
ဇြံု,3
တီိ,3
မ္ၜ,3
ခၟဳ၊,3
ဗီး,3
ၚ်၃,3
ၚ္ၚ္,3
ဗြေဲာ,3
ခေဲါ,3
ဆှ်၊,3
စ္ၜော်၊,3
ယှူ,3
ဂွ္ပံ,3
ကၠောဲ,3
ဟိုု,3
ဏ္ဏား,3
ပ္ပဲါ၊,3
မုု,3
ခြိ,3
ဂၠဳ,3
တောဲ။,3
ညာာ,3
ကွဳိ,3
လၞဳ,3
ဒ္ဒး,3
သ္ဋို,3
အုို,3
ပှာ်,3
လျေ,3
ပွူဳ,3
လုို,3
အှ်၊,3
ပြုဲ,3
သၟံ,3
လဵုု,3
သေဲ၊,3
လ္ရီု,3
ဇ္ဇျှိ,3
တ်၂၀၀,3
မှုံ,3
ကၠဳ။,3
ရ၁,3
မ်္ၚှာ,3
ၚ်္ာ,3
ဒံါ,3
ဖၟး,3
ထ္က,3
ပိုဲ်,3
ဂၞော,3
ၚ်္ၚာ,3
ဟိ်ု,3
ပြေံ,3
ကေုံာ,3
က္ဂြံ,3
ၐူ,3
လုီ,3
န္း,3
ဝ္ေ,3
ပွုု,3
များ။,3
လုံး။,3
ပ္စို,3
ဖ္အိ,3
ဖ်၊,3
ပံ္တ,3
ဗျဵု၊,3
ယှေ၊,3
ရေဴ,3
ွံ,3
ချော်,3
က္ခူ၊,3
သှ်္ၚာဲ,3
သၞာံ၂၀၀၉,3
က္ဍာ၊,3
ဗ္တိ၊,3
ဖဳ။,3
ဖျော်,3
ဠဴ၊,3
ရာ်၊,3
သၞာံ၂၀၂၅,3
စၟဳဳ,3
ာံ,3
ဵု,3
သၞာံ၂၀၂၂,3
၂ံ,3
သ္ပေါ,3
ပ္အု,3
တ္ႏူ,3
ပ္ကာဲ,3
ပြိဳ,3
က္ဂွ္,3
တို၀်,3
ပၠုဲ၊,3
ထၟို,3
ဂ္ညဳ,3
ဂေဲ,3
စုိ,3
ပ္ကု,3
န္ကု,3
ၚ္ကု,3
ၥာေ,3
လြ,3
ပ္ဍဲ၀,3
ဂၠို်,3
ခၠာ,3
ၚှိုဲ,3
ပိဲ,3
ညို၊,3
ပ္ၚာ၊,3
ဥ္ဇူ,3
သ္ကီု။,3
န္ဒဳ၊,3
ဟူ၊,3
ဣဳ၊,3
တျ၊,3
မံံ,3
ႜဲေ,3
သာ္ၿ,3
ၢြ္ရ,3
၊ေ,3
ထွု,3
က္ကာဲ၊,3
ဟိီု,3
ဂွါ်,3
ဘာ်။,3
သာျ,3
ကၠေံာ,3
ၚာဲ၊,3
ပေါ့။,3
ကိီု,3
နှာဲ,3
လ္တာ်၊,3
ထ္ၜာ,3
အဵ,3
နဲ့၊,3
ဗျူ၊,3
ထၞု,3
ဘေ၊,3
ဇေံ,3
ဇွော်,3
ကျ်ာ,3
ပၠော၊,3
သြေံ,3
ဖူ၊,3
ယှိဲ,3
မြေ၊,3
ဗ္ကိ,3
တာ်။,3
န္ဓေ,3
ဒေါဴ,3
စျာ,3
ဟ်ေ,3
တ္ကး,3
မွဲ၀ါ,3
နေ့၊,3
ကေၞ,3
က၀း,3
ဓဳ၊,3
တ်ု,3
ညး၂,3
စ်ှ,3
ၚျေ,3
ပ်၁၀,3
ဗၠးး,3
ၜးး,3
န့်။,3
ဝြ,3
ဓျာ,3
ဟာာာ,3
အာာ,3
ဆို၊,3
မၞော်၊,3
မ္ဂု,3
ဒ္ဒာ၊,3
တြဳ။,3
န်၁၄၀,3
န္ဍာ,3
မာ၊၊,3
ရွော,3
ဂွီ,3
သ္စော,3
တု၊၊,3
ပွါ်,3
ပြဳ။,3
ကၠး၊၊,3
ရောာ,3
ဟုံ၊,3
ဋ္ဌံ၊,3
က်ူ,3
ဍေော,3
ဝ္ၚ,3
လ္ဂာ,3
မ္,3
အေံ,3
ဋံ၊,3
ဟီ၊,3
မ္ၚောံ,3
ကီ၊,3
လေံ။,3
စ္စို,3
ဗၠေဲ,3
န်ျ,3
ရ္မိ,3
ၚ်္ကို,3
ပဳ။,3
ယွဲ,3
ပွီ,3
ၚာ်၊၊,3
တုံ့,3
က္ၜူ,3
ဒါဲ၊,3
တ္တ၊၊,3
ဒှီ၊,3
ပေါ့၊,3
က္ဍံ,3
တၞာဲ၊,3
ဖၠေ,3
နျာ,3
တၞဴ,3
ဂ္စေ,3
ရ။၊,3
ဟီး,3
ဂ္ဂး၊၊,3
ၚ်း၊၊,3
ဇ်ှ,3
ဟါ,3
ဟုံ။,3
သ္ၚာံ,3
က္ဍ၊,3
ယွံ၊,3
သေံ၊၊,3
စ္ဆိ၊,3
ၚ်္ဂေါ၊,3
ၜါဲ၊,3
က္ဍီု၊,3
သ္တီု၊,3
အာ်၊,3
မဳ၊၊,3
ည့်၊,3
န္တော။,3
လော။,3
ကူေ,3
စိေ,3
သေၞာ,3
သ္တော,3
ရာေ,3
ဟာ၄,3
ပဴ၊,3
စေ။,3
ၚ်္ဍေ,3
၌၊,3
ၚ်၄,3
လ္ကဲ,3
သွဳ,3
ဉ္ဇူ၊,3
က်ှ,3
ဇ်၊၊,3
န္တေး,3
လဳ၊၊,3
ကျဵု,3
ပ္ဖ။,3
တ္တဴ,3
သၠး။,3
မ္မံ။,3
ညံံ,3
နှီ၊,3
ဒွး၊,3
မ္ဗ။,3
ကေုံ,3
တု်,3
ဿော၊,3
သၠာ်၊,3
ထၞ၊,3
ခၠဳု,3
ဆော့,3
လှ်ေ၊၊,3
ဗှ်ေ၊,3
က္ညိ,3
ခၞဳ,3
ဟၟံ,3
ဗေါ်,3
ဇျာ၊,3
ဏ်၊၊,3
သ္ပံ၊,3
အါ,3
ညါ,3
ဗ္ဒဴ၊,3
ဍဵု၊,3
နွဴ,3
မ္မော်,3
လျး။,3
ဗ္လာ,3
သျ,3
မြီး,3
သိိ,3
ဗ္ၜု,3
နွောံ,3
ၚ်္ပေ,3
ဂေါံ,3
ၚ်္ဒု,3
က္သေ,3
မ္အိ,3
ၚ်္က္,3
မွှေ,3
စေဲ,3
တ္ၜုဲ,3
တ်၁၀,3
ခေး,3
မ္အော,3
ရွှေ၊,3
စှ်၊၊,3
ဇ္ဇ။,3
သ္ၚာဲ။,3
ပိ၀ါ,3
ဗ္အ,3
ၐြဳ၊,3
န်၁၆၄,3
ညို့,3
ၐြိ,3
သော့,3
ဉ္စိ၊,3
ဉ္စိ။,3
ဂ်ှ်,3
ရှာ်,3
လွှား,3
ဇွီု,3
ပျူ၊၊,3
ဗ္လ,3
မ္ၑ,3
တြ။,3
ၜ။,3
စု။,3
ဝြိ,3
ဥုံ၊,3
ဖ္ဟု,3
နွး,3
န္ဓိံး,3
ဝ့,3
က္လေး,3
ပိ၊၊,3
သ္က္,3
ပုံ၊,3
ဇျာဲ၊,3
န၀,3
လေ၊၊,3
မွေ့,3
ဖြား,3
ဠ်,3
သ္ကိ,3
ခာ,3
န္နံ။,3
ဠဵု,3
န္တဳ၊,3
စှော်။,3
ဝါဲ၊၊,3
သာ်၊၊,3
စဴ၊၊,3
ဗေ၊,3
ခၞဲ၊,3
တြုဲေ,3
ၜုဳ,3
ကၠုာ,3
ဒ္ဓါ။,3
ဟ္မေ၊,3
ဏ္ဆာ,3
ဒ္ဒေါ,3
က္ခိံ,3
ဓု။,3
တ္ထူ,3
ယုံ။,3
ဘံ။,3
န္နော။,3
ဉ္စု,3
သိံ။,3
ဌာ၊,3
ဝိိ,3
က္လော်,3
က္တဴ။,3
ၚ်္ကိ,3
စြံ,3
စွဴ,3
ဗ္ဂဲ။,3
သ္ဗ၊,3
ဉေ,3
ဗွီ,3
သ္ဖ,3
ဇြာဲ။,3
အု။,3
အု၊,3
ကၟဵု၊,3
မြီ၊,3
ဖြဳ,3
ကွး၊,3
စ္ဍး၊,3
ဇျေ,3
ဇွ။,3
ချူ။,3
မှဳ၊,3
ဎ၊,3
ၚူ။,3
က္ဆေံ,3
တ္လဳ,3
သ္တုံ၊,3
ဇ္ဆိ,3
ၚ်္ရ,3
က္ကဵု,3
ခါ၊၊,3
ဝေါ့,3
သ္အာ၊,3
လုံ။,3
ဗျံ၊,3
ဓောံ,3
ဟဵု၊၊,3
ခၟာဲ။,3
ခၠိ,3
ဒါ၊၊,3
တ္ထျ,3
ၐြီ၊၊,3
ဗ္ဒော,3
ဂၠဴ၊၊,3
နံ၊၊,3
ဒ၊၊,3
မၠာ်၊,3
ဒွာ၊,3
က္သ၊,3
မ္ဇံ,3
ဒၞါဲ။,3
န္ဒေ၊,3
တူ၊၊,3
တၞာ၊,3
ဇျိ,3
သၞဲ၊,3
ဒ္ဂု,3
သၟေား,3
ၚု၊,3
ဇၞး၊၊,3
တၟဴ,3
သြောဲ,3
ဩာ,3
ဩဲ,3
ပ်ေ,3
တြဲဲ,3
သၠီ။,3
ဉ္ဇဳ,3
မိိ,3
ရောံ၊,3
ကျု၊,3
ဗြော်၊,3
တ္ထိံ,3
ဓး,3
ဩေ,3
ဂြာံ။,3
ဗဴ။,3
ကွဵု၊,3
ဂိိ,3
ဗြီီု,3
ဍ။,3
ဓား,3
ဟး။,3
ရွံ၊,3
ဖၠူ,3
ဝါ်ျ,3
ဏျူ,3
စေံ။,3
ပၞာ်၊,3
လၞာ်၊,3
လ္မေ,3
မါ်,3
ကၠု်,3
ဋိ၊,3
သ္ဂောဴ,3
ဉ်ျ,3
မ္၈း,3
ဝွံံ,3
ဒဲါ၊,3
လျာ။,3
ဇျူ,3
သ္ဒဴ,3
ဟၞ,3
နြေ,3
တှု,3
ဌံ,3
ထ္ထဳ,3
မ္အီ,3
ဂါ၃,3
သ္လု,3
မ္ပာ။,3
လ္ၚာ။,3
လုဲ။,3
နှာ။,3
တ္ၚ။,3
မ္ဘဴ,3
ဖျာဲ,3
ဒု။,3
ဂြာ။,3
ခၞာ။,3
ဂြု။,3
ပြဵု။,3
ဖျး။,3
ချောဲ။,3
ၚိုး,3
ဏ္ဏေ,3
ဂွံာ,3
စွဵု,3
ဂၞဳ။,3
မၞုး,3
တျ်,3
ဖျီ,3
ဍ္ဍာ,3
အှော်။,3
စု့,3
ကၞူ,3
န္ကာ,3
ဂိး,3
ဋ္ဌီ,3
လ္ၜီ,3
တ္ၜု,3
ကး။,3
ဒြဳ၊,3
စွောံ၊,3
ကၠဲ၊,3
ဘုဲ,3
ဗာံ၊,3
လော့၊,3
ဂိး၊၊,3
ည္ဇိ,3
န္ဒီ,3
ဂေး၊၊,3
မေ၊၊,3
ဇော်။,3
ထား။,3
သား။,3
ဏ််,3
ဗၞိိ,3
ဒၠါ,3
သၟိိိ,3
ဏီု,3
လၞံ,3
သ္ၚို,3
ပ္ကိ,3
ဗဳ၄၈,3
လ်ှေ,3
မ္ၚဵ,3
လဵု၊၊,3
ဒ္နေါ,3
မ္မူ,3
န္ဒြော,3
ဏုဲ၊,3
တါ,3
ယျဲ၊,3
ဇၞူ။,3
ဠဴ။,3
သ္ဍဴ။,3
သ္ဍာံ။,3
ယျာံ။,3
ချီု၊,3
၂ိ,3
ဓိိ,3
ပ္လို,3
က္ခူ။,3
ရှ်ာ,3
တၠာဲ၊,3
တ္ကဵု,3
ထၟာ,3
ပေဲါ၊,3
လွဳ၊၊,3
ဖေျာ,3
ဖြုဲ,3
မိၞ,3
ပၟဲ။,3
လှူ၊,3
လ္ဟာ,3
ရ်္ု,3
က္သေး,3
ရ္ဂေား,3
သ္လ္,3
သ္ဂူ,3
သ္တဴ,3
စြေား,3
သ္ဍု,3
န္ဒေး,3
ဇ္ဈ,3
ၝဲ။,3
သၠဲ။,3
ဏ္ဏ။,3
က္တဵု။,3
ဂဵု။,3
သ္ဍဳ၊,3
တဲ့။,3
တဳ၊၊,3
ဒြး,3
ဗော့,3
ဟိုး,3
က်ျား,3
ပၞော်၊,3
သ္ဂို,3
ဂ္ဂး၊,3
ပုဲ,3
ဝြး,3
ဓါ၊,3
က််၊,3
ဏှံ,3
ဗၞာ်,3
တ္ၜောဲ၊,3
ဩာဲ၊,3
သ္ဍး၊,3
ဗၞာ်၊,3
ဇ္ၛီု,3
ကၟဲ,3
ဝံ။,3
ဆေံ,3
သ္ၚေံ,3
မ္ၚာဲ,3
ဂၟာ်,3
သၞောဲ,3
ပေဲ၊,3
မြဳ၊,3
ယာံ။,3
မၠေဲ၊,3
ကုံ။,3
သ္ဒေ,3
ဝွေါ,3
ဂၟါ်,3
ဉ္စာ၊,3
ပြ၀၊,3
မ္စိ,3
ဝါံ၊,3
နှ်ေ၊,3
သ္တာ၊,3
သၟီ။,3
ခၟေါ,3
နှ်ေ,3
ၐြဳ။,3
န္ဓို,3
နြ္ဒိ,3
တ်၅၀၀,3
သျှာ၊,3
အေေ,3
မြု။,3
သ္ၚုဲ,3
ဥုး,3
ပၠဴ၊,3
ဒၞါဲ၀ွံ,3
ပိ၀ါ၊,3
တှဴ,3
ကြး၊,3
တှဳ၊,3
ကွာ်။,3
ဍဴ။,3
ဖါဲ။,3
ဠောဲ,3
ဓျ,3
သ္ကာံ,3
ဒ္ဂီု,3
ကောဲ။,3
အိုဲ,3
က္ခေ။,3
အ၀ဳ,3
ထု။,3
ယွေ,3
လ၀်,3
န်ူ,2
ရိုု,2
ခေါံ,2
ပြော်၊,2
လ္ပာ,2
ဗ္ကာ,2
ယျူဵ,2
ကာာဲ,2
ခွဵု,2
ဗြာ်,2
ဗ္တဳ၊,2
တိုု,2
ၚ်္ဟွံ,2
ဓၠူ,2
ဗို်,2
နွွံ,2
ဖြို,2
ထ္ၜံ,2
ဂော,2
ချုု,2
အွာ,2
ဉ္ဇ၊,2
ၛု,2
ႜို,2
ၚ်္ပြ,2
ပ္ဂ,2
ဇျှို,2
ဃဴ,2
ဒှ််,2
ကဵ်ု,2
ဝိ်,2
သှိုဲ၊,2
သၞာံ၂၀၁၁၊,2
ကါဲ,2
ဍုဲ,2
က္ဍ္,2
စါ်,2
မာဲ၂၃,2
ချုံ,2
ရှူ၊,2
စၟဳ၊,2
ဂာ,2
ၛော,2
သၞာံ၂၀၀၀,2
လိဳ,2
ခွေါ,2
မ၂၅,2
က်ီု,2
ထါ,2
ဿ်၊,2
ဏှေံ၊,2
ပဲ့,2
ၚ္ၚါ,2
န္ၚဲာဲ,2
ညောံ၊,2
သ္ၚုု,2
သၟၟာ,2
နိ်ု,2
ဇို်,2
ဗ္ရု,2
ၚ္ၚဲ,2
ထွာဲ၊,2
ဗၠီု,2
ဗ္ဒေံါ,2
ဇုို,2
ဂွွံ,2
ခွျ,2
မှေး,2
ဖဵု္ၚဵု,2
ကုၠ,2
န္ၜါ,2
ပ္ဒါဲ,2
တ၊ံ,2
ဓဴ,2
ဂုံး,2
ပ္တိ်,2
မ္တ္,2
ခုို,2
ဒ္တော,2
ဒ္တဲ,2
ဗွိ,2
လျိ,2
တ္တဵူ,2
တ္ၚဲ၂၆,2
ဗုို,2
ပော,2
တ္ၚဲ၂၅,2
လို၊,2
ဇှေ်၊,2
ဒှါဲ,2
ဝ်္ၚှာ,2
လၠို,2
စဳဳ,2
ထှိုဲ,2
ထိုဲ၊,2
ယး၉,2
နိူ,2
ဒ္စဵုု,2
တြေး,2
ဟ်၂၅,2
ဠာ။,2
ၜ်,2
ဖၠု,2
ၚ္ရ,2
က်၂၈,2
ဂြိ်,2
လ္ပေ,2
ရွှေး,2
န်၁၃၁,2
ပေဲါဲ,2
ဗုီု,2
ဗွဳ၊,2
ဏီ်,2
ဿိဳ,2
ဘီ၂,2
ကွျဲ,2
မျီူ,2
ဒွေ၊,2
ဂွံ္ၚေု,2
ဆေဵု,2
တေုဲ,2
မှၞုံ,2
ၚ်၂၆,2
ခၟေ,2
ဂၠီ,2
စၟၟဳ,2
ဒ္တဵု,2
ပ္တဵု,2
ချေဲ,2
ပျား,2
ဠဲ,2
ရဴု,2
က်၃,2
ရဲ၂၄,2
မ္တီ်,2
လၟဵု,2
ဟ္ၚာဲ၊,2
ဂျွာ၊,2
ပၟံ,2
ပိဲ်ု,2
သၠဳ,2
လိုဲ,2
သြာံ,2
ညေိ,2
ၚ်္တ,2
နူ္ဍ,2
ကဵု၂၈,2
ဒှ်ု,2
ဒ္စဵုး,2
သၞု၊,2
ဇၞာံ,2
ပ္ဍှဲ,2
ပျု၊,2
ၜိ်ု်,2
ပ္ရောံ,2
ဘါ,2
ပ္ည္,2
ပြိုဲ,2
ၲီ,2
႐ို,2
ၚ္သှံ,2
ၚ္တို,2
ရြ,2
မ္တုဲ,2
ချာံ၊,2
ွါ,2
ၟု,2
ထ္ဗို,2
သှုဲ,2
ဖိုး၊,2
ရ၀၆,2
ၚ်္ဂီ၊,2
တၞံု၊,2
ကီုှ,2
ရုို,2
ဂ္ဂ္,2
ပျဳ၊,2
သုီု,2
ဟ္ဍ,2
တုု,2
ယျှ,2
က္တု,2
သွါ,2
ၝေောံ,2
ၚ်၂၀၀၈,2
အေ။,2
လျှော့,2
ဗာဲ၊,2
နၞေ,2
စံ။,2
ႊ၊,2
ညာဲ,2
က္ကူ၊,2
ပ္ၜါ,2
ဏို,2
သီး၊၊,2
ၝဳ,2
႐ုဲ,2
ပ္အံ,2
ဝ္တုဲ,2
ပ္ပြိဳ,2
ထာံ,2
ႝေ,2
န္ဂွ္,2
ကာံေ,2
ႏု,2
ဝ္လိ,2
ဂ်ာ,2
ၷ,2
တ္ညိ,2
သာ္ဝြံ,2
ဝ္ပ,2
ဏှေံ။,2
ရှဵု,2
ခွါ်,2
ၚ်္ဂါး,2
ၚ်၆၀၊,2
န္ထံ,2
ပ္ဗု,2
ဝ္ဒါ,2
န္ဥ,2
စုံေ,2
ဋ္,2
တုေ,2
ပ္ဘာ,2
ဍဳိ,2
န္ၚ,2
ၛာ္တံ,2
တ္မာ,2
ၜိဳ,2
တုဲေ,2
ဟ္တ,2
နေေ၀,2
ကဳု၊,2
ပ်၀,2
ပုိုဲ,2
ဖြိုး၊,2
ပၠောဲ,2
န်၂၀,2
ၚ်၂၀,2
သိ်,2
ခြွ,2
တ္က္,2
ယျော်,2
ယၟူ,2
ဝ္ၜု,2
က္တူ,2
ဂ္ဇံ၊,2
အ္စာံ,2
လီု်,2
တ်၆၀,2
လျုို,2
လွဳေ,2
သၞာံ၂၀၀၂,2
ဝါေ,2
ကျီ,2
ဝ္ၜို,2
ဒ်၁၉,2
ဖ။,2
ဇျှ၊,2
ဎ။,2
န္ဒီ၊,2
သ္ပး,2
ယွဵု,2
သို၀်,2
ဒေါ်၊,2
ယျဵ,2
ဖ္ဋး,2
ဟ်၆၈,2
ဖ္ံ,2
ၝျာ,2
ႏၠ,2
ၲံ,2
ဒးေ,2
ႀ,2
ၝိဳ,2
က္ရာ,2
ၸိ,2
ဒြ္ေ,2
တ္အ,2
ၹ,2
ၺ,2
ၲိ,2
ၐိ,2
ၱ,2
ၚ္ညး,2
ၚ္။,2
ဥဵ,2
ၚၠဳ,2
တြ္,2
ၲဵ,2
ႏျံ,2
ၢး,2
ၢံ,2
နုေ,2
ယေါ,2
ကၠု၊,2
ႊား,2
ဝဵဵု,2
မွၟဲ,2
ဂွဲါ,2
ၝေံ,2
လ္တုဲ,2
တ္ၜဳ,2
ၜေဳ,2
ဝာ်,2
ဗာ္,2
ၚ္ယဲ,2
႙ဳ,2
ဿး၊,2
ဇျှော်,2
ဟျ။,2
မှိုဲ,2
ဂွံေ,2
မြှု,2
ပုိဲ,2
ခၠဵု၊,2
န္က,2
ကၠေါ,2
ကွဲ၊,2
ကောါ,2
လှေဲ,2
ဝှီု,2
ခံါ,2
ယျဳု,2
ရီူ,2
ဠေဲ,2
ယျဳ၊,2
ဓ္ဓ,2
တ္ကို,2
သဳိ,2
ဗၟေ,2
ပ္လး,2
ၚ်၁,2
ပြူး,2
ၛာဲ၊,2
သ္ဘဳ,2
မွဲဲ,2
န်၉,2
ဂှု်,2
ဌါ,2
ယှိုဲ။,2
ဝ်၁၈,2
စၞ့း,2
ခေံ,2
ပ္ဍိ,2
သဵ,2
ထောဲ၊,2
ပါး၊,2
ဟီုု,2
က္ခို,2
ခေဲ,2
န်၈,2
ပဵု။,2
သှာ၊,2
ပ္ဆုဲ,2
ဟ္ၚဲာဲ,2
လေဴ,2
သ္မဳ,2
ယ္,2
က်ုံ,2
ရုိ,2
ပွဲ၊,2
လ္ၚဳ၊,2
အါ်္ဂ,2
တ်၅၅၀,2
ၚေ်,2
ႅါ,2
ဆ်,2
မ္တော,2
န္ဂျ,2
န္ဂျာ,2
က္ကဴ,2
ရီး၊,2
အာာာ,2
တော့်,2
သ္စို,2
ညွိ,2
န္ဂး၊,2
ဍာ၊၊,2
တ္တိ၊၊,2
ဋီ,2
ၚ်္ဟု,2
သ္ညာ,2
ဠှာ,2
ဆိိ,2
သွ၊၊,2
ၚါ်,2
ဒဲ့,2
ၚွါး,2
ပ္သော,2
ခၟူ၊,2
ဒ္ဒိ၊,2
သြ။,2
ပွော်,2
နီ။,2
ဗ္ဘော,2
ထော်။,2
ထ္ၜောဲ,2
ဝှ်ေ,2
သ္ၠ,2
သ္ၚဵ,2
မ္ၚာ်,2
လှာံ,2
အ၇ာ,2
ဝ္လော,2
ဥ္စိ၊,2
ဗ္ဘေ၊,2
ဿုံ၊,2
တြံ၊,2
ဝ္ဂု,2
မၞုံ။,2
ဇ္ဇျီ,2
ကဵြ,2
ယိုဲ,2
ကၠေး,2
ကြ။,2
ဝ္ကဵု,2
ဃောံ,2
သဵုး,2
ဗြဵု,2
ဋော,2
မ္ဆာ,2
စ္စါံ,2
ဗ္ဍး,2
ခ္ဍာဲ,2
ဒၞာဲး,2
ဍာ်၊၊,2
ဂၠါ်,2
ဝှ်၊၊,2
ပိုဲ၊၊,2
မေ့၊,2
ၑါ,2
ဂ၊၊,2
စှ်ော၊၊,2
က္ခါ,2
ကုဲ၊,2
ၚ်၃၀၀၀,2
ႇ၊,2
သ္ဋ၊,2
ဗှု,2
န္ၛာ,2
တ္တး၊,2
ဥုဲ၊၊,2
တ္တ်,2
လး၊၊,2
ဒေါ၀်,2
ဒေါဲ,2
ဒ္ဂော,2
ဏ္ခိ,2
ပွေး,2
ကၞဲ,2
ဂြဳ၊၊,2
ကျာ်း,2
ပ္ၚေ,2
ဖၞေ,2
သူ၊၊,2
သြ၊၊,2
တီု။,2
ဠိုဲ,2
ဂၞး,2
ဍော်၊,2
စ္ဆိံ,2
စံါ,2
ဇၟာ်,2
မှဵု,2
ဏး၊၊,2
ဏိ။,2
ဠီ,2
ကိံ၊,2
ဏှီ၊,2
ဝီု၊,2
ဇာ်,2
ဂွီု၊,2
ဂၟော,2
နု။,2
တ္တေ။,2
အံ့။,2
ခၞံ။,2
ပ္ဖဵု,2
ပ်ု,2
ရား။,2
မြို့။,2
ခိိ,2
န်၃,2
လ္လံ,2
ၚ်္ၐ,2
ၚ်္ဃိ,2
ရ်္ကျ,2
ကျွေ,2
တ်၅,2
န်၃၀,2
ပ်၁၁၅၅,2
စေေ,2
ပ္လီု,2
ၑ်,2
ၚ်္ဟေ။,2
လ္စး,2
ဗှာ,2
သ်ှ,2
လ္ၚီ၊၊,2
လ္ဂူ၊,2
မၞေံ၊,2
ဗါ။,2
မှ်၊၊,2
စူ။,2
န္တဳ။,2
ွေ,2
ၜဴ။,2
လိ။,2
ဣ်,2
တ၃်,2
တ၂်,2
ထၟာဲ။,2
ဒ္ဓဴ,2
ဃံ။,2
ဏ္ဏံ။,2
ဩ်,2
လ္ဂး,2
အုိ,2
ဒ္ဂ,2
မၞုဲ။,2
မွြ,2
ဋာ။,2
ကြိ၊,2
လၟာ်၊,2
ဗ္ၜူ၊,2
ဖၞဴ,2
ကြံ။,2
ဓွါ,2
န္နေ၊,2
ဒ္ဓါံ,2
မ္ပိ။,2
ခၞောဲ,2
ဇ္တ,2
ပ္သာ်,2
ၚ််််,2
လော္က,2
ဘ္ဝ,2
တ္ၚဲ၂,2
နွံ၁,2
ဏ္ဏု,2
ကဵူ,2
န်ှ်,2
န္နဴ,2
မ္အုဲ၊,2
စဵု၊,2
ဗ္ဘ၊,2
မ္ဘိ၊,2
ရၠ်,2
ဇောဲ၊,2
ဗၠ၊,2
ခၞဳ၊,2
ပ်ှ,2
ဒေဴ,2
ဟါံ,2
တ္ၚီု၊,2
ဖ္ဘော,2
ဂွး၊,2
ကၟာ်,2
သုာ,2
ပၠဳ၊,2
လၟုံ၊,2
ဇာာ,2
လၟိိ,2
ဏ္ဌိ,2
သံာ,2
သေု,2
မ္အာ,2
မှူ၊၊,2
ဗော်၊၊,2
ရ််,2
ဗောံ,2
ဂၞော်,2
ခွာံ,2
ကၠိို,2
ဒိိ,2
ကြီီု,2
ၜိို,2
ပၞဳ,2
ဖ္ဍော်,2
သ္တောံ,2
သ္စုဲ,2
ထီ၊,2
ရေံ။,2
စွဲ၊,2
နေ်,2
ဍိ၊,2
ဂွာ်၊,2
ဃဲ။,2
သ္ကဲ။,2
ၜဲ။,2
ဗျီ,2
အို့,2
တွီ,2
ထၠာဲ,2
ၚ်္ကြာ၊,2
ယဴ။,2
ဂ်ှ၊,2
ပှ်၊၊,2
ဏ္ဏဳ,2
က္ဏေ,2
လိံ၊,2
စိံ၊,2
ဂ္ဂေ၊,2
ဗၠာံ,2
ၜှ်ေ,2
ဖ္ဍူ,2
လှော်,2
တို့။,2
လေး။,2
န္ဒံ။,2
လ္စေ,2
မ္ဂေး,2
န္ဂုး,2
ဗ္ဇြ,2
စ္ၜေါ,2
န္လး,2
သ္ယ,2
ဟ္ဒး,2
ၚြေား,2
က္ဒေား,2
ဖ္ယု,2
ထြး,2
ပံး,2
တ္လေား,2
ဂ့,2
ပြိး,2
နိး,2
ကှိ,2
ဥ္ဇေ,2
ခ္မုဲ,2
ဉီး,2
မ္လေ,2
ဗွေး,2
ဘာာ,2
ကၟဳ။,2
ဗၞီ,2
နဳ၊၊,2
ဖြား၊,2
လျှာ,2
ၚ်၃၂,2
ရာဲဲဲဲ,2
ဋိံ,2
ႈ,2
ယ်၂,2
သၠီ၊,2
လား၊,2
ပိဲု,2
ရဲ၊၊,2
ဍ၊၊,2
မဲာ,2
မွုဲ,2
ပျဵု,2
မွိုဲ,2
သၟိံ,2
သဵု၊၊,2
စ္လော,2
န်၁၀,2
သ္တြာ,2
ကဴ၊၊,2
နွံ၁၁,2
ဇ္ဖျိ,2
ယွာ်,2
သ္အဳ။,2
မ္ပံ,2
မ္ပံ၊,2
ညိိ,2
ဒ္ဓံ။,2
စ္ၜော်။,2
ဌော၊,2
ပၟိိ,2
ဖှ်၊,2
ရှ်ေ၊,2
ဋ္ဋံ,2
ဇ္ဇံ၊,2
လ္လိ၊,2
ပိိ၊,2
ဇိိ,2
ဏော။,2
ကီီု,2
လ္လး,2
တ္တဵု။,2
ၚ်ါ,2
ဗ္တော်,2
သွုံ,2
ဓိံ၊,2
ထၟောံ,2
မ္ဘေ,2
လ္ၜော်,2
ဂ္ဂိိ,2
ၚ္ၚဴ,2
ဖံံ,2
သာ၂,2
ဏ၊၊,2
ပြောံ၊၊,2
ချေ၊၊,2
ဇ္နူ,2
ဆော်၊,2
ပြာဲ၊,2
ဂ္ဂံ၊,2
ဖြဳ၊,2
ချဴ၊,2
က္နော,2
ဒျု,2
ဂၠုံ,2
ညု။,2
န္တွာ,2
က္ဍဴ,2
ဂေါ၀်,2
ယွို,2
ဘဳ။,2
သ္လ,2
ဇ်၁၁၄၉,2
သ္သေ,2
ၚ၊၊,2
မၞောံ,2
က္ဆေ,2
ဂၞ်ု,2
က္ဆဳ,2
ၚ်္လ။,2
ၚ်္အ,2
ဗး။,2
ၚ်္ချ။,2
က္လေံ,2
ၚ်္သ္,2
ၚ်္ဟံ,2
နှဳ။,2
ဒွာံ,2
ဒွေး၊,2
သ္ကၠော,2
ပူ။,2
ၝဴ,2
ဗျော့၊,2
ဂ္ဂ၊၊,2
လုံး၀,2
ဝှေ့,2
မ္ဒီု,2
တ်ှ်,2
တ်၇။,2
သ္ကေဴ,2
ပေါဲ။,2
ဨ။,2
လု။,2
က္ၚ,2
သ္ပူ,2
တံ၊၊,2
တၠုဲ၊,2
ပ္ဗေ,2
ဗ္ဒေါ,2
ခၞံ၊၊,2
လာ၊၊,2
ထ္ထ,2
ၜီု။,2
စို့,2
ၚ္ၚော,2
ရှဵု၊,2
သှု၊၊,2
ခ္ၜော,2
န္ဒဳ။,2
ခေါ၊,2
ဂါံ၊၊,2
ရှေဲ,2
ဃဳ,2
ဒါ်,2
က်ြ,2
ဆွေ။,2
စွောံ။,2
ဒ္ကူ,2
ဇြား,2
စ္ဍော,2
မ္ပု,2
န္ဟို,2
ဆွံ,2
ပ္လု,2
ရျ,2
ဖ္လ,2
ဉ္သာ,2
အောံ,2
ဟွံ၊,2
ဖြံ,2
နာ၉,2
ည္ည,2
ဌေး၊,2
ဌ၂,2
ဏှု,2
ၚ်ံ,2
ဒှ်း,2
ဂၞူ၊,2
ဗၞာံ,2
ဩီု,2
ဥေ,2
ဏှဲ,2
တ္ၜေံ,2
ပ္အီု,2
ဗီို,2
ကျဳ။,2
စြာဲ,2
ဇ္ၛာ၊,2
ဩောံ၊,2
ဘိိ,2
ဗ္ဒိ,2
ခၠုံ,2
ခိို,2
ဂြိို,2
န္ဓေ၊,2
မ္တု,2
ယှိိုဲ,2
မၠဳ,2
ပ္ဍး၊,2
ဟေံ။,2
ဟေံ၊,2
ကံ့,2
သၞာံ၁၁၂၈၊,2
မၠီု၁,2
ဇၞော်၁၅,2
မိ၃,2
တ္ၚဲ၃၀,2
ဇၞော်၁၀,2
ဇံ၂,2
ဖၠူ၊,2
ဟို၊,2
ကု၄၀,2
စ္ဆ။,2
ကော၊၊,2
တ္တုံ,2
သွဲ့,2
စ္စ္,2
ယှိ၊,2
သ္အီ,2
ကေေ,2
တ္တြ,2
သ္ဂေံာ,2
ရဴ၊၊,2
သၞာ၊၊,2
ဗှ်ေ၊၊,2
ၐဳ,2
ကြဴဴ,2
တ်၇၊,2
ဇျ်,2
သောာ,2
မ္၈း၊,2
ယၞုံ,2
ၚ်၇၊,2
မ္ဂးး,2
သ္ခ,2
သ္ၚောံ၊,2
ဇြုံ။,2
ရါ,2
ချဵု။,2
စျ်ေ,2
ယောဲ,2
ဒၞာဲ၊၊,2
စှ်ော၊,2
ဗြဴ၊၊,2
လောဲ၊၊,2
လှ။,2
တေ့,2
တၞဳ၊,2
မာ၂,2
ပၞာာ,2
ၜေါဲ,2
မာ၄၊,2
မာ၄,2
ဒ္ဂိ,2
ဝှါ၊,2
ရ္လိ,2
ႝူ,2
က္ၐ,2
မြေံ၊,2
ဆိုဲ၊,2
တ္မံ,2
ၚဳ။,2
သၞု။,2
ဗ္စ။,2
ပၠဴ။,2
သ္တဵု,2
နဴ။,2
လှုဲ။,2
သ္ၚံ။,2
သၟ။,2
န္ဓာ။,2
နေဴ,2
တၟုဲ။,2
ဒြာဲ။,2
ကၞာ။,2
သေဲ။,2
လၟဴ,2
ဒွီု။,2
ပၠာဲ၊,2
ယျာ၊၊,2
ၜေဲ။,2
ခွ။,2
စၞ။,2
တၞံ။,2
သေား,2
က္ၜဳ။,2
ဍာ။,2
သြောံ။,2
သ္မီ၊,2
ၚ်ိ,2
ပ်ြ,2
သ၀,2
လ္ပါ,2
ဗ္တ၊,2
မ္ဍဲ,2
ခၠး,2
ကၠောဴ,2
တွဳု,2
ပၠောံ,2
ဋ္ဌော၊,2
တ်ဴ,2
တၟံး,2
ၚ်္ခံ,2
ဗ္မိ,2
ဖၠုံး,2
ရှို့,2
သှု၊,2
ဂျုံ,2
သျေ,2
လ္လု,2
တ်၈,2
စ္လိ,2
ဉ္စေ,2
ဇၟု,2
လ္ဂါံ,2
ဓွံ,2
မ္ဘ၊,2
က္ကျ၊,2
ဌ်၊,2
ထ်၊,2
ဓ်၊,2
ထ္ပျ်,2
ရ္ဂေါး,2
ဇ္ၚောဲ,2
မို့၊,2
မ္ဂုး,2
ခ၊၊,2
ဒ္ဍာ,2
ၚ်္သု,2
န္ဍိ,2
အဳ။,2
ထီး၊,2
မိ၄်,2
မျွ,2
ထူ။,2
စုံ။,2
မီ။,2
ညီ။,2
ထွေး၊,2
ပြွေ,2
မြွာ,2
ကေၠ,2
သၠးေ,2
ဇိ၊,2
စ္စော်,2
လွော်,2
လ္စ၊,2
မ္ဘာ၊၊,2
စ္စာ။,2
တ္ဝ,2
ကီီု။,2
ပ္တဲ,2
ဟိိ,2
သ္ကီီု,2
တ္ထိ။,2
ဌိ။,2
ၚ်္ဂံ၊,2
ကြိိ,2
သော််,2
ဠော််,2
ဌိံ,2
ဌိံ၊,2
မၠေံ။,2
ရှာ၊၊,2
သှ်ေ၊၊,2
ဗြဲ၊၊,2
သဲ၊၊,2
စး၊၊,2
ဖၠာ်,2
လှာ၊၊,2
ဍ္ဎ။,2
ဟၟုဲ,2
ထဲ၊၊,2
သၟါ,2
ဗ္ကောံ,2
ပွီု,2
ပျဴ,2
ပူ၊၊,2
ၚ်္ကး၊၊,2
ရ၂၄,2
ပု္ိ,2
ပြောဲ၊,2
န္ဒြော၊,2
ခိ။,2
သ္အာ်။,2
အဵု။,2
ပ္သ,2
တာံ။,2
ခဴ။,2
အီ။,2
လော်။,2
ဖြဴ။,2
တ္တာံ။,2
ဟၠို,2
သၞာံ၁၉၇၀,2
ဏ္ဏဳ၊,2
ၚ္ၚု၊,2
ပ္ဍီု၊,2
၈ဲ,2
ၐု၊,2
ညု၊,2
မော်၊,2
ပွာ၊,2
ဇွေ,2
သ္ၚ၊,2
ဒွဲါ,2
ဓါဲ,2
ဩော,2
နှဴဴ,2
ဒ်ှ်,2
ဝှါ်,2
က္ညု,2
ကုး,2
တေဲ။,2
ပဲဲါ,2
ထ္ပူ,2
မၠုိ,2
ဝွံဲ,2
ဝ္ၚ၊,2
တြုဴ,2
မၞုံံ,2
အ်ု,2
သၟ၄်,2
ဏှဴ၊,2
သ္ထိ,2
လ္ထာံ,2
မြီု၊,2
သ္ၚီ၊,2
ယှဴ,2
ပ္သု,2
ဝဵု၊၊,2
ရ်္ကု,2
ဒ္လံ,2
မ္လေး၊၊,2
ဇိး,2
က္ၜော,2
ယော၊၊,2
ရေား,2
ဖူး၊,2
ပၟာ်,2
အေှာ်,2
ဖေျံ,2
သေၠ,2
တိၟု,2
လ္ၚုဵ,2
တီၞ,2
လေ္ၚာ,2
လေၟ,2
လိၟု,2
တိၞ,2
ခၞုံ,2
ရေ့,2
ပ္ထ,2
နှုဲ၊,2
ၚော်,2
လှာဲ၊၊,2
တျော,2
ၚ်္ဂေါ,2
သ္စြေား,2
သ္ကြာ,2
သ္ဍူ,2
သ္စာ,2
အ္ဇေ,2
သ္တူ,2
တြူ,2
သ္ဒိ,2
ရ်္ယုာ,2
န္လေား,2
သ္လြော,2
သ္ဂိ,2
မေား,2
ရ်္ယ်,2
သ္ဇၞော,2
စ္အေ,2
စ္က,2
န္လေ,2
သျော,2
သ္ဇ္,2
ရဲု,2
ဗ္ဂာ။,2
သၟူ။,2
မ္သ,2
မၠု။,2
ကြဵု။,2
ဂၠ။,2
ဍဵု။,2
ကွး။,2
ပး။,2
ပျး။,2
ထိုး၊,2
မိ၊၊,2
ဒၞာ်,2
န္ဒား,2
လိုး,2
သွေ့,2
ဖျံ၊,2
ယေး,2
ပီ၊,2
မား၊,2
နွို,2
ပျံ့,2
ဗဲ့,2
ရှီး,2
ဂျိုး,2
နေး,2
ဟော့,2
နာဲ။၂၀၁၃၊,2
ရှ၊၊,2
ဟူး,2
နား။,2
လဲာ,2
ဇ္ၛေ,2
လ္ၚီု၊,2
ဖ္ဍါ,2
ဗ္ဗဳ,2
ဖဲ၊၊,2
ဇ္ဇျာ၊၊,2
ဇှ်၊၊,2
တ်ိ,2
က္သူ,2
မၠာ၊၊,2
တ္တာ၊၊,2
ညး၅,2
ပ္တ။,2
ဍဳ၂၄,2
ကဵု၄၈,2
ဍဳ၁၂,2
ကၞိိ,2
ပ္တုံ၊,2
စှော််,2
လွုဲ၊,2
မေံ၊,2
ဏဴ၊,2
ရှာံ၊,2
ဩု,2
ဂြိူ,2
သ္ပာ၊,2
ဒြ၊,2
ညာ်,2
ပ္ဖံ,2
ဒၞော,2
စၠာဲ,2
ဗ္ဒေံ,2
ပ္ၚောဲ,2
မျီ,2
ဇ္ဇိံ,2
ဗၠုဲ,2
တ်း,2
ဘိ၊,2
ဥ္ဖ,2
ဇၟူ။,2
လါ်,2
န္ဟာ,2
လ္ကို,2
မြာံ၊,2
ရောံ။,2
မြောံ,2
မြောံ။,2
ခြံ၊,2
မ္ၚေဲ,2
ဗ၀,2
ခွါ၊,2
ဝါ်၊,2
မ္စး,2
မ္စာ်,2
ဗ္စး။,2
မ္စ,2
မ္ဇိ,2
ဗျှိ,2
န္ဒြး၊,2
မျောံ,2
သြဲ။,2
ရာ၀,2
ဒၞီ၊,2
ပၞာံ၊,2
ဏေဲ,2
ပၞာံ,2
ဂၟေါ်၊,2
စၟာ်၊,2
တၟူ၊,2
ပၟု,2
ရ္မို,2
ရ္မု,2
လၟီ၊,2
လၟော၊,2
လဳ၀,2
ချာ။,2
သ္စဴ,2
ဒၠဵု,2
ဂၠေါ်,2
ဂၞေါ်၊,2
ဂၞို,2
ဂၞဲါ၊,2
ဂၞေါ,2
မၠီ၊,2
ဒၞု,2
ဒၠဲါ,2
မၞေဲ,2
ဖျ၊,2
တ္ၜဴ၊,2
ကေ၀,2
က၀,2
ဝှေါ,2
တ္တြိ,2
စ္းး,2
မဳး,2
ညး၈,2
တ၆ု,2
ဒဲ။,2
ဇြိို,2
ဩး,2
သ္ၚိိ,2
ထိ့,2
တဲ့၊,2
ပ္ဍဴ,2
ဒဳ၅၀၀,2
ဒဳ၁၁၁၃,2
ဖြေး,2
သ္တီု။,2
ဒေါံ။,2
မြော။,2
ဟ္မော,2
ဖ္အာဲ,2
ကၠိ။,2
ဒ္ၚဳ။,2
ဗျာံ။,2
ဖျ။,2
ကၠောံ။,2
ဇ္ကု,2
ဓူ၊,2
တ္ဇု,2
ၐြီ။,2
သို့၊,2
မှူး။,2
ပျို့၊,2
လိံ,2
ဏ္ဍေ,2
တ္ကု,2
ဇွဳ,2
ညြ,2
ၚ်္လိ,2
သ္ဍ၊,2
ဂၠံ၊,2
ဖြး၊,2
တွာ်၊,2
က်္ၚာ,2
ဗ္ဒး၊,2
ဇိ၀ိ၊,2
ပ္ဍဵု၊,2
ပ္ဖါ၊,2
ဏ္ဏော၊,2
၀ဲ,2
ဇိ၀၊,2
ဇ္ဇဳ၊,2
ခြး၊,2
ၚဳ၊,2
ဒွါဲ၊,2
ယျာဲ၊,2
ဏောဲ၊,2
ဒၟး,2
မှး၊,2
ဂြုဲ။,2
ၝောံ။,2
ယျူ၊,2
ထ္ထေ,2
သှီု,2
လျှံ၊၊,2
ဘေး၊၊,2
ဗ္တး,2
သ္ကုဲ,2
ဗြာ။,2
ဗြာ၊,2
ဂြောံ,2
ဘိ။,2
သ်ှေ,2
လေ၀်,2
ရ္ဓ,1
တိဳ,1
ဂွာဲ၊,1
ရာြ,1
ထ္ဍံ,1
လ္ရဵု၊,1
ဝ္ၚှိာ,1
ၚ်္ၚဳ,1
က်၂၀၁၂,1
နွံ၁၇၅၉,1
သိဲူ,1
ဥ္ဇျာဲ,1
ဓၠု,1
ဓြ,1
ခုှဲ၊,1
သ္ဇဵု,1
က်ု်ီ,1
ကဵုူ,1
ဗာ၂၇,1
မြိ်ု့,1
ယျှေ,1
မိ္ၚေိုဲ,1
က္ဗု,1
မြဲ၊,1
ၜေူ,1
သဳဳ,1
ရ။ြ,1
လေေး,1
က့,1
တှ််ေ,1
ၚ်၁၆,1
ဂျို်,1
ပ္ဝ,1
ဇှာ္တြဳ,1
ဗာ္ဍဳ,1
ၚ္မ,1
ကြဵ,1
ဒှဲါ,1
ထ္ပု,1
ႝ။,1
ထၞး။,1
ဆုှြဲ,1
ရ၈၆၀,1
စၟိဳ,1
ဖွို,1
သ္,1
တ္ရဲ၁၇,1
လ္ရီု၁၀၀၀,1
တ်၅၀၀၀၀,1
လှိုဲ,1
ပ္ဍဲ၂၀၁၆,1
ဟွံွံ,1
သီို,1
ဗဵဵု,1
ပြိုံ,1
ကဵု္ၚေု,1
နှာံ,1
က်ျ,1
ဝေံ,1
ဗှေ်၊,1
တှေံ,1
ထျာ,1
ခၟဴ၊,1
စဵုး,1
ညိေ,1
႟,1
႟္ၜး,1
ဖီ၊,1
ဖဳေ,1
ကီုှ်၊,1
ချာ၊၊,1
၅ံ,1
တ်္ၚာဲ,1
ယျှာ၊,1
ကဵု၂၀,1
န္ဂီ,1
လ၊္ဂူ,1
ပ္လဴ,1
အ်ို,1
သၞၠော,1
ၚာ်ေ,1
ဇ်ို,1
ၚ်၂၀၂၅,1
ညဳ်,1
ဇၟိ၊,1
ဂါၠဲ,1
ဒၞဲ,1
နူ၂၀၀၀,1
ဗိုဲ,1
နွံ၂၁,1
ဏွာ,1
ဆုဲ၊,1
ရဲဲ,1
ဝိုု,1
ယှဳု,1
ကၠဳု,1
ပျဳဳ,1
နွံ၁၆,1
ရှဲ,1
ဂျေဲ,1
ပ်၂၃၃,1
တ်၉၀,1
တ်၈၀,1
ချဲ၊,1
ည၊ီ,1
ဘဳ၂၊,1
က်၁၃၀,1
သြောံ၁၂,1
တ်၁၂,1
ၠို,1
ရာ၂၀,1
ဝ်၂၀၀၈၊,1
ဟ်၂၀၀၈,1
မေ၂၆,1
မၞံုံ,1
ဆေား,1
တှေ,1
ရ၀၀၊,1
ကှီု,1
နူ၂၈,1
ဝ််၊,1
ဗ္ဒါ၊,1
လျို်,1
ပ္ၚဵု,1
ဝ္ၚာ,1
ၜါေ,1
ဂဳု,1
တၞော်,1
ဗၠာ်,1
ဂြိံ,1
မ္ရး၊,1
ဇျှဳ,1
ဟွေ့,1
လ္ဇုဲ၊,1
ကွွဳ,1
က္ၜဲ,1
ဂ္တိ,1
ဗ္စောဲ,1
ၚာ်္ၚာ,1
ၚ်္မွဲ,1
ယွွံ,1
ဓီီု,1
ကၠိဴ,1
ဟီုေဵ,1
ပ္ဍဲ၂၀၀၅,1
ဗုံ၊,1
န်၁၀၀၀,1
နွေံ,1
ဟွံ္ဂ,1
ဂ၊ှ်,1
နၞာ,1
နူ၃၀,1
ဘာ၁၂၀,1
ၚ်၅၀၀၀,1
နွံ၂၅,1
ပိုဲိဲ,1
ဖး,1
ရ၇၀,1
ဟီ်ု,1
သ္ကို္,1
မ္တှီ,1
ဘာဲ၊,1
ဏ္ဍာ၂၀၁၆,1
ရ္ၚာဲ၊,1
ဇဳ၂၀၁၅,1
န္ဆာ,1
ဂံါ၊,1
အှေ်ာ,1
ကဲာ,1
ဗ်ု,1
ဥူဲ,1
ဗွဳု,1
ထော့,1
နွံ၂၄၀,1
လ်ို,1
ပ္ညော,1
ဒ္ဓာံ,1
ကွျော,1
နွဲ၊,1
လၞီု,1
နွၟံ,1
ဇျှာဲ၊,1
က္လဳ,1
သ္ကိ်ု,1
ဇ်၂၀၁၀,1
ကီု်၊,1
ကီုံ၊,1
ၚ်၆,1
မ၄၃,1
သု္ၚ,1
ကၠီု်,1
ကွ္ပဳ,1
က်ိ,1
မွ္ဂဲ,1
ၜုို်,1
လ္ဇဲု,1
ဇြဳး,1
သၞာံ၂၀၀၇,1
ၚဲှာ,1
ဖွး,1
က်၂၀၀၉,1
ပ၊္ၚ,1
ရ၉၄,1
ဠ်၊,1
ထုဲ။,1
န်၂၅,1
ကၞော၊,1
ဒၞး၊,1
ဟ်ဵု,1
ကဵု၂၀၁၉,1
ဗ္ဗါ,1
ၚ်္ၚေု,1
ဖျဴ။,1
နိုဲ,1
ၜှေ်,1
တ်၂၆,1
လျာံ,1
ပ္ဂိ,1
တ္ခ်္,1
ပ္သုီ,1
ၐါေ,1
ဗာ္ဂွ္,1
ၚ္နဲ,1
က္ညး,1
ၚ္မု,1
ၥေ,1
ဗာ္ပေ,1
ၚ္ကြာ,1
ၚ္ည,1
န္ရ။,1
မ္ဂို,1
ၚ်၄၀,1
က္လဲ,1
မှၞိ,1
ခေဲါ၊,1
သၠာံ၊,1
သေဳ,1
တု၈,1
တီ်,1
ဘွာ,1
ဿိီု,1
သ္ကို်,1
စား၊,1
ၚ်္ဂူ၊,1
ဟု်ီ,1
ဖ္စ,1
စ္ၜု,1
ဒဴး,1
ရး၀၀,1
မ္ၐ,1
တ္ဒံ,1
မ်ာ,1
ဗ္စိုု,1
ဝ့ါ,1
ဒေါ်ံ,1
ဥဵု,1
ဝး၀၀,1
တၟၟံ,1
ဒၞၞဲါ,1
ဂၞၞ,1
သံ္က,1
မှေ်,1
မြိုး,1
မွဲေ,1
က်၄,1
ကွ္ဂဴ,1
ယှုံ,1
ဗ္ဂီု,1
မ္ဂး်,1
တ်၊်,1
ဘာ၂၅၇,1
ၚ်၂၀၀၀၀,1
ၟာ,1
တ္ပေ,1
ရဳ၃,1
သိဳ,1
ရ၀၇၉,1
စ္ဇုဲ,1
ကဵု၃၀,1
န်္ၚေု,1
ဆ္လော,1
ကောာ,1
လ္တဴ,1
ၜုို,1
ဖဵဵု,1
လ္ပ်ာ,1
ရ။ိ,1
ဗှီ,1
ဗ္ဒံ။,1
ဿဳု,1
မ၂,1
ခြွေ,1
မ၂၅၊,1
ၜ၊ဲ,1
မၞံု္ၚ,1
ကၟ္ဍို,1
တုီု,1
ဟုို,1
သု္ကိ,1
ဝ၃၀,1
ကဵု၃,1
၀ါး,1
လ္ဂါ,1
သၞာံ၂၀၁,1
ရ၃၅၀၀,1
အ္ဒ္,1
ဖေါ့,1
ၚဲာ,1
ဗ္လောံ,1
ၚ္ရာ်၊,1
နူ၂၆,1
န္စိ,1
ဏှော်,1
ၚ်္ဏီ,1
ဟို၀်,1
ၜေါ၀်,1
သ္ဇး,1
ထၞံ,1
ခြံု,1
ဏား,1
ဝ္ၜါ,1
နူ၂၀၁၆,1
ဿု်ီ,1
တဵွဵု,1
ဍဵ,1
မှဲ့,1
န်၂၃,1
ကား၊,1
ဝ၊်,1
သၟိ်,1
မၠိ်ု,1
စၟောံ,1
ဖောဲ,1
ဇ္ၚာဳ,1
သၞာံ၂၀၂၆,1
တ္ၚဲ၂၉,1
သ္ရိ၊,1
ဗ္ဂဵု၊,1
ဂၠိ်ု,1
ပၞ့ာ,1
စုုံ,1
သ္ကူ,1
တဳဴ,1
အ်၊်,1
ရ၁၆,1
မၠုို,1
နူု,1
တို််,1
မိဳ,1
ၚ်္ၚော,1
သ္ၚိ်,1
ထၠ,1
ရုီု,1
ဒုီု,1
ဝာံ,1
ကဵု၂၆,1
ရီု်,1
ကွ္ၜ,1
ပုဴ,1
ဒှဲ,1
ဗ္အော,1
ချုို,1
နှေံ၊,1
ွို,1
ကာေ,1
႐ု,1
ပ္ဗ်ံ,1
ရ၅၀၀,1
ရ်ေု,1
တ္ၚဲ၂၈,1
ကုီု၊,1
ဋ္ဋ်၊,1
ဟွ္ပံ,1
မးး,1
ၚ္တြဳ,1
ဥဳဲ,1
ဥဳဲေ,1
ခ်ံ,1
တှး,1
ၚ္ဘ,1
ထၞိဳ,1
တ္ဘိ,1
ၚ္ကွ္,1
ကွ္,1
တ္ဏံ,1
ဟ္မးေ,1
ခ္တော,1
ယၟုြ,1
ထ္ဗု,1
ရ၈၀,1
လေဲာ,1
ဒ္ၚာဲ,1
က္ဍိုု,1
တွိ၊,1
ပ်၂၄,1
ကၠဳဳ,1
ဂီဳ,1
ဳြ,1
ဵြ,1
ျဳ,1
ၜွံ,1
ဓီု်,1
ဥ္ၚာ,1
တ၊ိ,1
ၚ်၃၀၀,1
ပိ်,1
ဗ၊္ၚ,1
လြုဲ,1
က်၁၁၀,1
ကဵု၁၃၅,1
တ၊ၞံ,1
စွံ၂၅,1
ဂှ်၊၄၅,1
ၚ်၄၅,1
အ်၃၀,1
ဝဲ၂၀,1
တၟော၊်,1
ရ။၁၉၉၀,1
တုဲုဲ,1
ဇျှံ,1
လေိ,1
ဗေါဲ,1
ထွဲာ,1
ရှုာံ,1
ၝူ,1
နွ၊ံ,1
မ်ိ,1
ဒြ္ဒိ,1
ဂု်,1
သ္ကိို,1
ကု္ဍို,1
ကုှီ,1
သၞာံ၂၀၂၃,1
ရ၂၊,1
ကဵု၁၉၈၅,1
ဏောာ,1
ဇျ္စိ,1
ခ္ၚံ,1
တ္ရဲ၂၇,1
ဘျူ,1
ခၟၟို,1
ကဵု၂၄,1
ဟွွံ,1
နူ၁၆,1
ကွေဳ,1
သ္ဇို်,1
ကေဲ၊,1
ခၠါ,1
ဒၠဲ,1
သၟ့း,1
ထ္တ၊,1
န်၂၀၁၉,1
မ္ဒဲ,1
ထၞဳ,1
ရ။ု,1
ဟ်၂၅၀၀,1
အာှ်,1
ယှုဲိ,1
ဗုှီ,1
ႊဲ,1
ချေး,1
ဟ်၂၀၁၅,1
ဆဵို,1
ယျှိ,1
မၠိ်,1
ပၞ့ၞာ,1
ဗာ၊၂၀၁၅,1
တ်၂၂,1
ဗ္ဒါဲ၊,1
ၚ္ရာ,1
ၜဴို,1
ဖီ။,1
တ်၉,1
သျှ၊,1
ဗၞာဲ,1
ၚ်္ဂၞ,1
ဥ္ဇ၊,1
ပ္ရ,1
ပ္တာံ,1
မ္ပ္,1
ဗ္ၚို,1
ဂှ္ၜို,1
ရဲ၅၊,1
ဗၟာ၃၈,1
၄ံ,1
ၚ်္ဂါး၊၊,1
ဇျှိုဲ၊,1
န္လ,1
ညးေ,1
ဇှာ္,1
ပဲါေ,1
ဟုိ,1
ၚ္႐ုဲ,1
ဖၟိဳ,1
ဒွ္ရ,1
တ္အာ,1
က္စ,1
က္ႏု,1
ၚ္ရ၊,1
ဝြံ,1
ပ္နာ,1
ဝ္တာ,1
လ်ိဳ,1
က္ဂြံေ,1
ဒွ္တုဲ,1
ၚ္ႏု,1
န္ထၞး,1
ခ်ဴ,1
ပၠို်,1
ၚ်၅၀၀,1
တ္ၚဲ၂၀၀,1
မြာဴ,1
သၟဳ၊,1
ဝှေ်,1
သၞောံ,1
ယှာ။,1
ဿဴ၊,1
ယှှိုဲ,1
မှုး၊,1
မြံု,1
ၚ်၃၈၊,1
တ္ၜါ,1
ရဲ၁၉,1
ရုဴ,1
ခော,1
န္ဏ,1
ဝ္ဂါ,1
ၚ္ျ,1
စံု၊,1
ဝ္မ,1
န္တံေ,1
တ္တ္,1
တ္ရ,1
ၚ္ခ်ဴ,1
ၚ္ဂ,1
ၨံ,1
န္ဠ,1
ဝ္၊,1
ပိေ,1
စွာ္,1
ဋ္ေ,1
ဝ္ဂွ္,1
န္၊,1
န္ဒါ,1
န္စွ္,1
န္တှ,1
ဟ္ဟ္,1
တံေ,1
န္ကုီ,1
ဝ္ဏံ,1
ဝ္တ,1
န္ဂွ္ေ,1
ၚ္ဏီ,1
ဒွ္သာ္,1
ဿး,1
ဘာေ,1
န္တုဲ,1
တ္ဂ,1
ဝ္ညး,1
ၚ္ဂေ,1
ပ္ဒှး,1
ဒွ္ဂုီ,1
ၜဳီ,1
မဲြ,1
ဍာ္ပ,1
တ္၊,1
တ္သၟး,1
က္ပေ,1
ၚ္ထ,1
တ္ယု,1
ဂွ္ေ,1
ၚ္မံ,1
ၚ္ဏီ၊,1
က္ဗေ,1
ပ္အို,1
ကြံေ,1
ဂွ္ဝြံ,1
န္အ,1
႒,1
ဝ္ပေ,1
န္မူ,1
န္သ,1
န္ကြး,1
တ္မြဲ,1
က္ဘာ္ျ,1
န္မံ,1
တိုး၆,1
ဇၞော်၆,1
လဵဵဵု,1
ဗဳု၀,1
ကဵု၁၉၈၀,1
ကုူ,1
ဟ၊်,1
က၊ီု,1
ဏံး,1
ပ္ကာံ,1
ၚ်ွ,1
ဓၠီု,1
ဠါ၊,1
ခြာဲ,1
ညှို,1
နို်,1
န်ိ,1
ကၟေံ,1
ပ္ထံ,1
ဂျေ၊,1
ဂုၠိ,1
၆ံ,1
၈ံ,1
လျှား,1
တ်၂၁,1
ဇျှေ,1
ၛေ,1
ၜဳ်,1
ရ၅၀၀၀,1
တ်ှ်ေ,1
ဇဳိ,1
တံး,1
လ္ဂဵု,1
သၞာံ၁၉၉၁,1
သၞာံ၁၉၉၂,1
ကြ့,1
လိ်ု,1
ရိ်,1
ဇုှီ,1
ရ၅၅,1
ပျိ,1
ထ္ၜ္,1
ၚ်၃၆,1
သၟုဲ၊,1
တ်၂၅၀,1
မဵု်,1
က၂၇၀,1
ထၠို,1
ပု်ိဲ,1
႕ိ,1
မ္ၚ္,1
တ်္ၚာ,1
ႊး၊,1
စေး၊,1
ဝ်္ၚေု,1
မ္ဘဳ၊,1
ခုုဲ,1
တ္ပ,1
ကိုး။,1
ဏ၊ီ,1
ကျံု,1
ၚ်္ရ။,1
ဓါ်,1
လွ်ဳ,1
နှာ်,1
ဗ္ၚေ,1
ကု်ဵ,1
ဘို်,1
လုု,1
ဆုို,1
ဗိုဲ၊,1
လုၟ,1
ှိ,1
တ္ၚဵ,1
စှေ်ာ်,1
နေေ,1
သၠီု,1
လိုု,1
ပါ်ဲ,1
ဖော်၊,1
စ္စာဲ၊,1
ၚ်၁၀,1
ခြာ၆,1
တ်၃၀,1
ၚ်္ၚှဵု,1
ကြဴံ,1
ဟၟဲး,1
သ္ရေ,1
တေုှ်,1
ကောံူ,1
ရ၂၀,1
ညံ့,1
မှီး,1
ရ၀၊,1
မူး၊,1
အ၊်,1
ၚ်၂၃၆၇,1
ရ၅၂,1
ရ၈၉,1
အာ၂၅၉,1
ရ၃၅၈၁၇၇၅,1
ခၞံံ,1
မြိ်,1
ပွွို,1
စၟၞး,1
န္ဒ္,1
နူ၁၃,1
ၜိ်ို,1
ပ်၂၃,1
လ္တူု,1
အွေ,1
ဇ္ဗာ,1
ၜိ၊,1
ဗုြီဴ,1
ဖှဳ,1
လ္တ။ူ,1
ဟ်ီု,1
ထွါဲ,1
ခို််,1
က္က္,1
ဂွိ်,1
႔၊,1
မ္ညော,1
ခါေ,1
ဒြ္အ,1
ၡဳဲ,1
စွးေ,1
ဒြၠ,1
ၚ္အ,1
ၡဳဲေ,1
ကံေ,1
ႏ္အာ,1
ၡိဳ,1
ဟ္ဟံေ,1
ဆံျ,1
ၱံ,1
ႆံေ,1
ဇွာ္ေ,1
ဇွာ္,1
ႜိ,1
႘ေ,1
ၚ္်,1
ဂ္ာ,1
ႆိ,1
ၻာ,1
ႅိဳ,1
ၐဲ,1
ရးေ,1
ၳ,1
ၡ္႘,1
ပ္အိဳ,1
ၱိဳ,1
ၥိဳျ,1
ပ္ဟံ,1
ၐာျ,1
ႏ္ႏျံေ,1
ဟ္,1
ဘ္,1
ဝ္ႏျံ,1
႘ိ,1
ႅ္က,1
ၰံ,1
ပြၠ္ာေ,1
ၸဳ,1
ၜံ။,1
ညံျ,1
က္အိဳ,1
ဟ္ရ။,1
တ္ဟံ,1
ဝ္ဟဳီ,1
ႅိ,1
က္ာ,1
႐ြ,1
ၝာေ,1
မာျ,1
ႏ္ဟံေ,1
ၢံေ,1
ႜာံ,1
ဍာံေ,1
ၴှး,1
ဝ္ဝိဳ,1
ၴ,1
ၻ,1
သွာံ,1
တုေေ,1
က္ာ္ေ,1
ရ၅၉,1
ညဳဴ,1
က္ၜါ,1
ဂၠိဲ,1
ပြဳ၂၄,1
ရီဵု,1
ရာ၂၉,1
သြို််,1
စှ််ေ,1
လှို်,1
ဇြဳ်,1
ထ္ၚေ,1
လဳု,1
က်္ၚာ်,1
ရးး,1
ရေီု,1
ပွိူ,1
ကွံ၊,1
ယဵုၟ,1
သ္ဂာြံ,1
ပိုဲ၂,1
ဏ္ဍး,1
လှဲု,1
အုံံ,1
ကြေး၊,1
ၚ်္အေ,1
ဟ်၂၀၁၄,1
ဇျှဵ,1
တ္ရဲ၂၆,1
တ္ရဲ၆,1
န်၈၅၂,1
ယို်,1
မာဲ၂၀၁၀,1
ကၠုှ,1
သၞာံ၁၉၇၃,1
ဇိ်ု,1
ဆီ်,1
ကၠို်,1
ဒိီု,1
ဖ္ဍဵု,1
ၚ်္ပ,1
ျူ,1
တ္ၚု,1
စှ္ၜါ,1
ဂွျ,1
ဝ္ၚု,1
လွး။,1
ယှာဲ,1
ယဳ်,1
ထြဳ,1
ဗွွ,1
န်ု၊,1
ဂိုွ,1
ဂြောံ၊,1
န်၇,1
ဘာ၁၅,1
ပှေါ်,1
လ်း,1
နာဲေ,1
န္အံ,1
ဗွဲဲ,1
တ္ၚဲ၂၇,1
တၠၠု,1
ပု္တိ,1
ဒွဲ,1
တ်ိိိ,1
စ္ၜး,1
စ္ကောံ၊,1
ကှာ,1
ပွီူ,1
ပၟုဲ,1
ဋ္ဌါ,1
တုုဲ,1
ကြာ၂၀,1
စှှ်ေ,1
ၚ်း၀,1
ရှိ၊,1
နွံ၂၇၀,1
ဂောာံ,1
ဏံံ,1
ရ၅၇၊,1
မ္ၚှံာ,1
န္ၚှဲာ,1
ထ္တု,1
ကၠီဵု,1
ဗ္က၊,1
သၞာံ၂၀၁၈၊,1
တ္ရဲ၁၈,1
လိီု,1
ခုဲ။,1
တ္ရဲ၆၊,1
သဳေ,1
ရ၇၁,1
ကု၊ီ,1
လ္ရီ၊,1
ၱဴေ,1
ဗာ္မ,1
နၞါ,1
က္ဍို်,1
ယှီ,1
ဗီု်,1
ရဲုဲ,1
လ္က,1
ကၟါ,1
ထ္ဍော,1
ကေါ၊,1
ရေု,1
ရေဲ။,1
ဝီူ,1
တြံု၊,1
ဂွံု,1
တ္ရဲ၁၁,1
ဝ္ၚိာ,1
က၊္ခ,1
ရေိ,1
တဳံ,1
ဒု်,1
ႅာ၊,1
ဟွေံ,1
ဏေီ,1
ဂ္စး,1
သၞိ်,1
ခၟောံ၊,1
မ္က်,1
ထ္ၜ့,1
လၟုှ,1
ယွာဲ,1
မၟို,1
သ္ဂေံ,1
ကဳၠဳ,1
တ္ရဲ၊,1
တ္ၚြိ,1
တ္ရဲ၂၅,1
ချဳဳ,1
ပ္ပိ၊,1
ဒိုဲ၊,1
ၚ်၅၀,1
ဍ၊ဳ,1
ပြံု,1
လီဳ,1
ၚ်၅,1
သၞာံ၂၀၁၀၊,1
က္လး၊,1
ၚ်၂၉၂,1
ဏ္ဍာ၂၀၁၄,1
ဝ၁၀,1
ဂၠိုိ,1
တ်၄၈,1
ၚ်၂၄,1
ပူ္ဍဲ,1
တွွဵု,1
ကွါ်,1
ပ္ဍဲ၂၀၁၅,1
ဝိာ,1
ၚ်္ၚေ,1
ထြဵု,1
ၚ်၂၀၁၅,1
ပ္ဍဲ၂၀၁၀,1
ဇီု်,1
ရး၁၅,1
တၞှီ,1
ယြဲ,1
ပ္ဍၠဲ,1
ကျဲ၊,1
ထှိုဲ၊,1
ၜူ္ၚီု,1
ဂွွို,1
ကွာ်ေ,1
ဝာဲ,1
ထြေ,1
ဗ္စာ်,1
ၚ်္တြ,1
နူ၁၂,1
ယျောဲ,1
ဟ်း,1
မွ္ပဲ,1
စွ္ဂံ,1
သိီု,1
န်၂၉,1
သိုဲ၊,1
ကိ်ု,1
ရ၂၀၂,1
ရ၅၂၈၂,1
ရ၃၄,1
ရ၄၅၉,1
ဒျှာ,1
ပ္ဍဲ၂၀၁၄,1
ကီ်ု၊,1
ခ္ဋဲ,1
မ္ဍော,1
လဵုေ,1
န်္ၚော်၊,1
မြွဲ,1
ဗာ၂၈,1
ဂျုို,1
ဟ်၂၀၀,1
လ္ပါ်၊,1
ရ၉၇၀,1
ထွဲါ,1
ဃာဲ,1
ဘို၊,1
တ္ရိ,1
ပျူဲ,1
ၚ္ရိ,1
လီို,1
သးၠ,1
စၟၟ,1
နာ၂၅၅၆,1
သၞာံ၂၅၅၂,1
သၞာံ၂၅၅၄,1
ရ၅၊,1
နူ၂၄,1
လုၟိ,1
မိ်ု,1
ညီဳ,1
သဳ္ၚော,1
နွံ၄,1
ယျှော,1
ဓၟု,1
ဂၟဳ၊,1
ဖ္ၜ,1
ဓၞါ,1
ဠါ,1
တ်ို,1
ပ်၂၀၁၅,1
ရ၃၀၉,1
ဖှော်,1
လ္ဘါ်,1
ကၠဳ်,1
ည််,1
ဗ်ီု,1
က္ၜ္,1
ဍ္ဍ္,1
ဟွး,1
ထ္က်,1
တ္ၚဲ၂၁,1
အာ၂၂,1
ၝောံ၂၈၅,1
ထ္ဍာဲ,1
တ်၂၀၁၀,1
တၟိ်,1
လုံု,1
ဗ္ရ,1
တၠၠ,1
က၊ူ,1
က၊ု,1
ညာ၂၀၁၃,1
ကျှ်,1
ကဵုှ,1
ဗျ္ဒ်,1
ယ်၄,1
အာ၂၀,1
ဗှိုဲ,1
ပွိို,1
လဵဵု၊,1
႕ာံ,1
တှဲ,1
ပ္တောံေ,1
ဟ္ၚိ,1
က္တူဵ,1
ဇ္ဒျ,1
ထို၊,1
ဒုံ၊,1
ဂှ်၂,1
ဗီု၂၀၁၅,1
ချဵ,1
ၚ်၀ါ,1
ရော၀်,1
တ်၃၀၀,1
ကု္ပို,1
ဟ္ရ,1
အ္စာေ,1
နွံေ,1
ည်ေ,1
လ်ုံ,1
ဒ္ဇ,1
ဥိး,1
ဒုိ,1
ကီို,1
လဵီ,1
ၚ်္ကါ,1
ၚ်္လ်,1
ဖ်ု,1
ဗ္လာဲ,1
ပ်၂,1
လါ်္ကာ,1
နေူ,1
တ်၃၊,1
န်ါ်ါ်ာ်,1
သ်ါ်ု,1
ဂ္ကိ,1
သ္လး,1
ဂြောဲ,1
ဗဵဲ,1
ကု်ံ,1
ၚ်ု,1
ၚ္ဂု,1
ဏ္ရ,1
လျော်၊,1
တော့။,1
ဏ်း၊,1
အာေ,1
ဂ္ကံ,1
သါ်,1
အါ်္ကာ,1
မ္ကို,1
ကျေ၀်,1
သၞာံ၁၉၂၆,1
ဘီ၊,1
ကျေား၊,1
ခြံ။,1
ကြား၊,1
ဖ္ဖေ,1
န္ဗေ,1
န္ထော,1
န်။။,1
ညှု,1
ပ္ၜို,1
ရီး၊၊,1
ဂု၊,1
ၚ္ၚူ၊,1
ဟာာာာ,1
အာာာာ,1
စ္စဳ၊,1
ၜီု၊,1
အုံ။,1
ထ္ၜေါ,1
စောံ။,1
ထွုဲ,1
ထွံ,1
ကဵု၂၀၁၂,1
စောဲ၊၊,1
စွို,1
လ္ၜို,1
တ္ထး,1
ၚ်္ဇ,1
ၚ်္ကျာ,1
ရ်ာ,1
သ္ဂြ,1
တ္ဍိ,1
သ္ဒၟံ,1
န္ဍး,1
ညဵ,1
ဖ်ှ,1
ပ္ဍဲ၁၂,1
ဝ်၈၈,1
က်၂၀,1
ၜဳ၊၊,1
န်ါ,1
အ္အ,1
ၚေး,1
ကွေု,1
ဋူ,1
ဇ္ဇျု,1
ၚ်္သီ,1
ပူု,1
ဇှၞော်,1
ၚ်၄၈,1
ၚ်၈,1
ဇြီ၊,1
ဟ်ြ,1
ဖ္ဖာ,1
န်၂၉၊,1
သွီု၊,1
ဉှိ,1
၎ှ်,1
ဒှ္ပူ,1
ဖၞော်,1
ဏ္ဃာ,1
ပဴိုဲ,1
ဝ္ဓာ,1
န္န။,1
ဂး၈,1
ယာာ,1
ဗွေါ,1
ဒ္စါံ၀၂၈၊,1
ဝ္ညိ၊,1
ဝ္လံ,1
ယၟု၇။,1
ဗှ်ေ။,1
မွ။,1
ဒိံ၊,1
ယိံ၊,1
ဝ္တဲ,1
ဗြောဲ။,1
မ္တး၊,1
ဿုံ။,1
ကုဲ။,1
ဝ္တိ,1
တူူ,1
ပာံ,1
တြြဴ,1
ဂ၃,1
ခ္ဍါ,1
ဇ္ဇျ်,1
ဝ်၈ှ်,1
ဇဴူ,1
ဍာ်ိ,1
ဂူွံ,1
ဖ်ဵု,1
ဂှ္တုဲ,1
ဆဵ,1
ဍာာ်,1
သ္ဂောံာ,1
ဒၠာ,1
လိ၈ွံ,1
ဋ္ဋော,1
စ္၁း,1
စဵြ,1
ဍာဴ,1
တ္ခ,1
စျ်,1
စၠောဴ,1
ဍာံ၁ာံ,1
ဖါ့,1
ခံ္ဍ,1
န်၁၆၆,1
နူ၁၅,1
ရ္မော,1
သ္ဍဴ၊၊,1
လ္လာ၊၊,1
န်၆၀,1
ဖ္ပါ,1
ယု၊၊,1
ထြိ,1
ဏ္ဠ,1
ရီ။,1
အော့,1
အ္စာာ်,1
တိိိ,1
ဇွး,1
က္ကော။,1
ထာ၊၊,1
လျှှ,1
ၚြား,1
ဎ၊၊,1
ဒ္ဒာံ၊,1
သဳ၂၃၂,1
ၐု,1
က္ကံ၊,1
လ္နီ,1
႓,1
႓ဲ၊,1
သ္ဋဳ၊,1
သ္ဋံ,1
ပ္ဋု,1
သ္ဋဴ၊,1
ဖွာ၊,1
နျု,1
ကေုာံ၊,1
ဝါး။,1
ပျ၊,1
မျာဲ,1
က်၁၄,1
လ္ဟိ,1
သၞာံ၁၃၆၅,1
မွှေး၊၊,1
ဟ်၀,1
စၞ၊၊,1
လဵု၁၉၉,1
ဏာံ၊,1
သွံး၊,1
တဴဴ,1
မ်၇၊,1
ပွူး,1
က္ခာါ,1
နွံ၁၇၈၂,1
က္သာ,1
ဗၟာ၂၇၉,1
တွံ၊၊,1
ဖျား၊၊,1
ဖျော့,1
လော၊၊,1
စွာ၊၊,1
ဇု၊၊,1
ဇ္ဇျာဲ၊,1
မောံ၊၊,1
ၚ်္န,1
လၟိုဲ,1
ယှား,1
တြေဲ,1
ဒ္ဓွ,1
ဘွဲ့၊၊,1
ဿာ၊၊,1
မး၊၊,1
သ္ဘြ,1
ဇ္စျာဲ,1
ၚဴ။,1
ဟိံ၊,1
န္ဓံ,1
ဗ္ဘေ။,1
ဏှိ၊,1
စ္စော၊,1
န္ဓံ၊,1
စ္ဆိံ၊,1
ဠဳ။,1
တ္ထော၊,1
ထ္ထော၊,1
ဏှီ,1
တၟောဲ,1
မဳု,1
ဠီု,1
တြိ၊,1
ၜဴု,1
မျီို,1
သ္ဂီု၊,1
ၚ္ၚဳ၊,1
က္ပုံ,1
ရာ၂,1
လံံ,1
န်၁၀၂၇,1
ဖ္ၜော,1
ဗြုံး,1
ၚ်္ာ၊,1
မှ်။,1
တြာဲ၊,1
ဿေ။,1
ညံ။,1
ဝှေး,1
သို။,1
တ္ထေ။,1
ဌါ။,1
အွံ,1
ပိီု,1
ပှ်ော၊,1
မၞ်ိ,1
ၚ်္ညိ,1
မ္လ၊,1
မ္လံ,1
ဖိုး။,1
ၚ်္ညိ။,1
စား။,1
ကု။၊,1
အုံး၊,1
ဂၠုဲ၊၊,1
က်ျိ,1
ၚှါ၊,1
ရ်္ည္,1
ဥို,1
ၚ်္မှု,1
ၐေါ။,1
ၐေါ,1
ၚ်္ဘိ,1
ဇ်၄၂၉,1
ချဳ၊၊,1
ၚဴ၊၊,1
ခွာ၊,1
သျှာ။,1
တ်၁၄,1
တ်၃,1
ဒ္တု,1
ၚ်၁၃,1
ပ္တိုု,1
က္ဍုိ,1
ဒ္ဒါ၀,1
တ်ၠ,1
ၚ်၃၁၂,1
ဋ္ဌဴ,1
ဆာ်။,1
ဒ်ဵု,1
ထ္ထု,1
ဗ္အို,1
စွေ၊,1
ဇ္ၛု,1
ပ္ထာ,1
ဗ္စီ,1
ခီ,1
စ္မံ,1
တ္ဍို,1
ည၀,1
သိ၀,1
ဏ္ဏ၀,1
က္က်၀,1
ထ္ၜး၀,1
ကဵို,1
ဘာ၂၀၀,1
ၚံ၊၊,1
ဏဳ၊၊,1
န်၀၀၀,1
ဇှော်၊,1
ဖ၊၊,1
ကေား,1
ဗ္ဗ၊၊,1
ကုံ၊၊,1
ကျွ၊,1
ပိုဲ၀,1
ဂ္ဆာ,1
ဖဵူ,1
ဨ်,1
ညိဳ,1
ဂှ။,1
ဗၠဲ၀,1
သၠၠ,1
က်၈ွံ,1
တေါ,1
သ္ၚောြ,1
ဏ္ဌံ,1
တ်ၞော်,1
ဇွောဴ,1
တ်၊၂,1
ထၟဲ,1
ဝ္။,1
ဗ္ဘေ,1
ဏ္ဍာ။,1
ဝ်၃,1
ဗ္ၜူ။,1
ဂၠဵု,1
ကြာာ,1
ဝုဲ။,1
ဗ္ဗော။,1
ဇ္ၛော,1
မာေ,1
ၛုဲ,1
ဒ္စါံ။,1
န်ြ,1
ပိုု်,1
ကၞုံ,1
ယှ်ေ။,1
ဖဵြ,1
ခၠီု,1
သၠဵ,1
စ္ဆု။,1
ဖူ။,1
ဖူး။,1
သ္ၚု၉၀,1
မျိုး။,1
သ္တိ၊,1
ဟု္သု,1
ကာ္လ,1
မၠုဲ,1
ပ္ဟာ,1
ဃး,1
ကေုား,1
နြိ,1
လၠိ,1
ေံ,1
ကေံ၊,1
သ္ကောဲ,1
သ္ကောဲ၊,1
ဗြောဲ၊,1
န်၉၄၅,1
ဝ္ဂှ်,1
ဝ္န,1
ဝ္လွ,1
ဓော်,1
ၚုေ,1
အေဲ၊,1
ဝ္ကွေ,1
မ္ကါ,1
ဆွာ၊,1
ရုြ,1
မ္ၚါ,1
ခၠာဲ,1
ယဵ,1
ဉ္စါ,1
န်၂၀၁၂,1
ရှုး,1
က္ပ့,1
ဒ္ဒြာ၊,1
မ္မဳ,1
ဖၞော,1
ဗ္ဂဳ၊,1
နှာဲ၊,1
ဗ္ဘာ၊,1
ၜှ်၊,1
က္ၜဴ၊,1
ပ္စာ,1
ယဵုဲ,1
သ္ဘာ်,1
ခၠာံ,1
လှီု၊,1
ညိဳ၊,1
ဝေါဲ,1
ဂၠော်,1
စော၊,1
ဂြံ၊,1
ဂၠာံ၊,1
သ္ဂာ၊,1
အာိ,1
အုဴ,1
လၟာ၊,1
တ္ၚဴ,1
မဳ၂,1
သၞာံ၁၉၆၀,1
ၚဲ့,1
နှူ,1
ဖါး,1
ဖၠာ,1
ဘဳ၆,1
ဇ္ဖ,1
ညဳဳ,1
မ္လု,1
မ္အု,1
မ္ဆု,1
က္လီ,1
ဆုဲ။,1
ကၠော်၊,1
ဏ္ဏ၊၊,1
ဖဴ၊၊,1
နိိ,1
မျီီု,1
ဝဲဲ,1
ယိို,1
အ္ဍဲ,1
ကျာာ်,1
မျိို,1
ဟွံံံံံံ,1
ဗ္စၞး,1
သၟဲ,1
ပ္တိို,1
ခွါံ,1
ပ္ဍါ,1
က၊္ဍို,1
ယျီု,1
ထိံ,1
ထိံ၊,1
က္ခုံ၊,1
ပွေဲ,1
ယြ၊,1
ဝေါံ,1
ခ္လ,1
ဂ္လု,1
တ္လော,1
တ္လေ,1
ဗ္သာ,1
သ္လီု,1
ဃ၊၄၁,1
မဲ့၊,1
နှား,1
ကၟုဲ။,1
ဒှှ်,1
ဗ္ဗံ။,1
၅ိ,1
ၚ်္ဂါ၊၊,1
ၚုံး,1
ကၠု၊၊,1
သ္ဗာ,1
ၚ်္ဂြို,1
ဗြာဲ။,1
ဒြံ,1
လှဲ။,1
မ္ဗာ၂၅,1
ဂျော၊,1
ဒီ၊,1
ခီု,1
ဇၞဲ,1
ၚ်၁၃၇၂,1
ၚာ၁၃,1
နါ,1
ယ်ု,1
ခါး၊,1
ခို။,1
အေး။,1
အွံ့,1
သျှူ,1
လွီ၊,1
ဖွဲ့။,1
သ္သဲ,1
ပွ္ပဳ,1
ဃ္ပ,1
တိဴ,1
ခု။,1
ဒ်ှ၊,1
ဇြ်,1
ၚ်္ၚီ,1
ဝီ၊,1
န္ဗို,1
တ္ထီ၊,1
န္တိံ,1
သ္ဓ,1
ပ္ကို,1
ၚ်း၆,1
ဂ္စို,1
ည္ဇေး,1
ၚ်္ၚ်,1
ည်း။,1
ရွှေ။,1
ၚွေ။,1
ပြီး။,1
လူ။,1
ၑျ,1
လေု,1
ကေိ,1
ယ့်၊,1
ပွဲ။,1
ခှံ,1
ၚါ။,1
မား။,1
နွား။,1
ပါး။,1
ဥံ,1
တ္ဒး၊,1
တ္ဒး,1
ၜံး၊,1
ဝ့၊,1
ဝေါ့း၊,1
သြိး၊,1
တုံး၊,1
ၜံး။,1
စ္ထေါ,1
စ္ထော,1
စီး၊,1
ဂှ္တှ်ေ,1
မေ၁၄,1
တြဲး,1
သၞာံ၁၃၄၄,1
မဲံ,1
ဖွဲံ,1
တိုံ,1
မြိုံ၊,1
ခဲံ,1
သ္ဝ,1
ဇၞူု,1
သၞာံ၊။,1
ၚ်၊။,1
ပွိုု,1
ဆ္သ,1
ၨ,1
ၪ,1
ၓး,1
ဪ,1
ၚျ,1
တ့,1
ၐ္ည,1
ည်ာ,1
ထျ,1
ည္လ,1
သဳ၅၀၀,1
ၐြု,1
သ္မြ,1
ညေ္ည,1
စုဲ,1
န္ဂိ,1
ဗ္ဍ,1
ႜာ,1
သၞ္ကော,1
ဥ့်,1
သုံ့,1
စို၊,1
န်၈ွံ,1
မောံ။,1
န္နဳ။,1
ပှ်ော်,1
လှ်။,1
တါ်,1
လေှ်,1
ဏ္ဍာ၊၊,1
သဳ၂,1
မၠိိ,1
လ္လံ။,1
ဏှဳ။,1
သ္ၚု၊၊,1
ဝဲါ။,1
ဝ္ဗာ,1
ႄ,1
ရွား,1
ဇ္ဖျာ,1
မ္ၜို,1
မျှော်။,1
ပြော၊,1
ခ္ဍဳ၊,1
ၐြ,1
ဝံွ,1
တဳု,1
ခ္အ,1
ကောံ၊၊,1
ဂှ်၊၊၊,1
ၚ်္သြဳ,1
မာ္န်,1
ကောာံ,1
ပဵ,1
လံု,1
ဇျု,1
ၚ်ြု,1
က်ာ,1
ယၟုု,1
တ္ထီး,1
မ္ဟာ,1
ၚ်္မြု,1
ပှ်ေ၊,1
သှို,1
ဗ၊၊,1
ဿၞူ,1
ရာာ်,1
မ္ၜါ,1
စွော်,1
စေံ၊၊,1
ခဲ၊,1
ပ္ကဴ၊၊,1
က္ခဴ,1
န်၅,1
မ၅,1
ကွး၅,1
အ္စာ၅,1
မ္ဘာ၅,1
သ္ၚိ၅,1
သၞာံ၁၉၇၁,1
ဆိုး၊,1
နှောဲ,1
ဇျုဲ၊,1
န္ဓုံ,1
ဋေ၊,1
ၛှာ,1
ပြာ။,1
ဟ္မံ၊,1
ဟ္မာ၊,1
တိူ,1
ဉ္သ,1
မ္ပိိ,1
ဘေ။,1
က််။,1
ဠော်၊,1
ဒ္ဓိံ။,1
ရိံ။,1
ဗြဴဴဴ,1
တြဴဴဴဴဴဴဴဴဴ,1
တြဴဴ၊,1
ဂးး,1
ဗ္ဗာ။,1
ဂ္ဂေါ။,1
ဏ္ဍိိ,1
မ္မိံ၊,1
လ္အိိ,1
တ္တိံ၊,1
ပ္ပေါ။,1
ဍ္ဎဳ,1
သၞာံ၁၉၅၅,1
သ္ဒောံ,1
ဒွံ။,1
လ္ၜေါ်,1
က္ကား,1
ၚ််း၊,1
အုံး။,1
နူ၁၃၅၅,1
လွောဲ၊,1
ဗ္တိ။,1
ဂျဳ၇,1
ဂျဳ၂၀,1
မ္ဒေ,1
ပ္အဴ,1
ဗ္ဒောံ၊,1
သၠောံ၊,1
ည်၄,1
ဖုံ၊,1
ည်၊၊၊,1
သ္မီး,1
သ္ချဴ,1
ဂု။,1
ဟှိ,1
ၚွေ၊,1
ခွး,1
က္လောံ၊,1
ပ္ကီု၊,1
ဠှ၊,1
ဂွါံ၊,1
ဂၟာ၊,1
ကၠဵုြ,1
ဇီ၊,1
ဗြီ၊,1
ဖြဴ၊,1
တွဵို,1
ဦး။,1
သၞာံ၁၉၉၆,1
က္ဏော,1
န္ဒိ၊,1
ဗၠဴ,1
ပွဲါ,1
ဂၞာ၊,1
စၞ်,1
နုဲ,1
ဠေံ,1
ပြ်,1
ဒ်ၟ,1
ပ္တ၊,1
လ္ခော,1
တ်၂၈၊,1
န်၂၄၊,1
က်၆၄,1
ၚ်၊၆၈,1
မ်၂၀,1
ယေဲ,1
က်၃၄,1
သြွံ,1
သြွဳ,1
ည်။၂၀၀၅,1
က်၁၅,1
က်၂၄,1
စွူ,1
နုံ။,1
ဘော်၊,1
က္ဵု,1
ဋ္ဌး,1
ဋ္ဌေး,1
ဈ,1
ၚ််္ဂ,1
ၚ််၊၊,1
ဒူ၊၊,1
အး၊၊,1
ဇျ၊,1
ခြောံ,1
ဋ္ဌာ။,1
ဉ့်,1
ဂို၊,1
နွေံာ၊,1
ၚ်္ကၠု,1
ဒေါ်။,1
နွေံာ,1
ၚ်္ညံ,1
ၚ်္ထွ။,1
ၚ်္ဒၠု,1
ၚ်္ထ,1
ဉး။,1
ၚွာံ,1
ယြ။,1
ဗၞဳ။,1
ဟွော,1
ၚ်္ဒ္,1
မၞေံာ,1
ၚ်္ဟေ,1
သ္လေ,1
ၚ်္သံ,1
ၚ်္ယ,1
န္ည,1
ၚ်္ပြေ,1
ဃြ်။,1
ဆ္မိ,1
ဗူ။,1
ဿျှ၊,1
ဿာ်,1
တ်၁၀၅,1
ဇ်၁၃၅၄,1
ကၟၟိ,1
လ္တူ္,1
တၞိ၊,1
ယ်။။,1
နော်။,1
အှ်ော၊,1
စာ်။,1
ဇျာ်၊,1
ကြူ၊,1
ၝောဲ။,1
ဟ္မ၊,1
ဍာဲ၊၊,1
ကှ်၊၊,1
ဂ္စေံ,1
မွေ၊,1
ဟောံ၊၊,1
ဓၠိ,1
ဆော၊၊,1
ဂွီု,1
ဂၠိ၊၊,1
မြာ၊၊,1
က္တဳ,1
ၣ်,1
ဒွေး,1
သ္ဍာဲ,1
ဖ္ဍး၊၊,1
ရာဲ၊၊,1
ခြာ၊၊,1
မ္မဲ၊,1
ဖြူး၊,1
မ၂၀,1
ၚ္အာ,1
ည္ေ,1
ဦးေ,1
ၚ္က်,1
ၚ္း,1
နာ္အု,1
မ္း,1
ဍေါ,1
စ္ဒ,1
ယာဴ,1
သၞူး,1
ဆိ၊,1
တ္မ,1
န္ဓီ,1
န္ဒ်,1
ဇေါ,1
သျှဳ,1
တ်၂၈,1
ပု။,1
ဖၠဲ,1
ဆွိ,1
မှိုဲ၊,1
ဠ်။,1
ဂၞော်၊,1
ဇ္ဇို,1
ဖှေ,1
ရ္ၚေ,1
ပြဳ၂၇,1
ဘွဲ။,1
ဘွဲ၊,1
ချီး၊,1
မ္ပူ,1
ဇ္ဇာ၊၊,1
ဝဳ၊၊,1
ဉိ,1
ႝ၊၊,1
သွောဲ,1
မ္နော်,1
ဗၠး၊၊,1
သွာ၊၊,1
တ္န,1
ဖော။,1
မုံ၊,1
ခွဲ၊,1
ကြာ၁၂၈,1
ပ္ၚ။,1
ဗ္တဳ။,1
တွဵူ,1
ဓဳ။,1
ဂၠဲါ၊,1
လ္တော,1
ဉ္ဆ,1
ဒ္ဒူ,1
ပ္ထော,1
တၟီ,1
ပါ၁၅၇၊,1
ဠ၃၄၄,1
ပါ၃၆၁,1
ပါ၁၄၈၊,1
ဠ၂၅၆,1
ဌ၊၊,1
လ္ိ,1
ၚ်၁၃၂၂,1
စ္စေ၊,1
သြး၊,1
ဇ္ၚာ,1
ၝာဲ၊၊,1
က်၁၉,1
မိၠု,1
တဲဲ,1
ဗ္တီ၊၊,1
ကေုာါ,1
မ္ညဴ,1
ညဴ။,1
ယှံ။,1
မျဳု။,1
မ္ဲ,1
ၚ်္ကြံ၊၊,1
မျူ၊,1
ဗှ်၊၊,1
ည။။,1
လ္မော,1
တှီ,1
ပၠိ၊,1
စှ်ေ၃,1
စ္ဒိ,1
လွဳိ,1
ရ၃၉,1
အူး,1
လှး,1
ဏ္ဏိ၊,1
ပု္တ္,1
ည္ညာ,1
တံှ်,1
သြး,1
ဗျီု,1
ပ္ညိ,1
ဒွောံ,1
ထ္ကု,1
သံၞာ,1
မွံ၊,1
ဒ်၀၄၆,1
ပ၆ု,1
ဠ၊၊,1
ဉ္ဇေး,1
န္ဟိ,1
က္လွ,1
ယ္ဟ,1
တျြာ,1
ရျာ,1
န္ဟ,1
မ္ဟ,1
ရ္ဟု,1
လ္ဟု,1
မ္ဟု,1
ရ္ဟာ,1
ဃ၊၊,1
တ္ၚဲ၆,1
ကံ၊၊,1
ဇ္ယ,1
သ္ၚ၊၊,1
မြဴ၊၊,1
မ္ယီု,1
မ္ယို,1
နာ၁,1
နာ၂,1
ဂျာ၄,1
နာ၁၆,1
နာ၂၀,1
နာ၂၄,1
နာ၂၁,1
နာ၁၅၊,1
နာ၁၈,1
နာ၂၃၊,1
လ္လာ်,1
မ္ဓာ,1
လ်ေ,1
ညီး,1
နွံ၄၅,1
ၝုဲ၊,1
ကၟီ၊,1
တ်၉၆,1
ကၞီ,1
ၚ်၆၀,1
ဠေ၊,1
ခၠုဲ,1
ပ္ၚီု,1
သ္ကီူ,1
ကၠောာ,1
ပ္ၚာံ,1
ခြီု,1
ဒ္ၚိ,1
သဳို,1
ဟှီ,1
ပ္ညုု,1
ဒွာ်,1
ဒွါ်,1
ထွော,1
န္ဓုု,1
ဖာံ,1
အဵဵု,1
ဂၠးး,1
အုု,1
လေော,1
ကွေံေ,1
ဘူ။,1
ဩွံ,1
က္၁ဵု,1
ဒှ်၈၀,1
ဒှ်၆,1
ဏ္ဍဳ။,1
န္နာ။,1
ပၠုဲ။,1
ကွေဲ။,1
သ၊၊,1
ၚ်၈၈,1
ဆဵုာ,1
ပ္တုဲ။,1
ဏ္ဍ်,1
ဍ္ဎာ,1
လုံံ,1
ဠူ၊,1
ဇ္ၛာဲ၊,1
ခၟ၊,1
ကွဲာ,1
ပ္တီိ,1
လၟာဲ၊,1
ဍဲ၊,1
တဵဵု,1
ဖ္ဍောဲ,1
ဗဴါ,1
ဌံ၊,1
လ္လော၊,1
ဗ္တဴ,1
ခၞောဲ၊,1
ယဲဲ,1
ဗၞဲ၊,1
ခိြ,1
လ္ဂေ,1
ကိိ,1
တၟိို,1
ိိ,1
ၜဵု။,1
အွီး,1
က်၈၈၈၈,1
ဏ္ဍ၊၊,1
တာဲ၊၊,1
သေ၊၊,1
ထွိုဲ,1
ဝိုဲ,1
တံ့,1
ဝၞာ,1
နေံ၊,1
မုံ့၊,1
တျှေ,1
သှံ,1
ဥဲု,1
က္ဍး,1
ယျေ။,1
ၚ်၁၃၃၂,1
သွိ၊,1
ရဳ၄၃,1
မ္မိ။,1
န်၃၉,1
သ္ဇာ၊,1
ဠိ၊၊,1
ဒ္ဓံ၊၊,1
ယိ၊၊,1
ဝေ၊၊,1
ယျံ၊၊,1
ဂေါ၊၊,1
ဗ္စိ,1
နွေ၊,1
ဒ္ဓ္,1
သီိ,1
လၞာ,1
န်၂၇,1
သၞာံ၁၉၄၈,1
ျာ်,1
စ္စံ။,1
ဿ်။,1
သ္ဍဲ၊,1
သ္က။,1
ဒ္ၚီ,1
ဂွာ၊,1
က်၂၅၇၀,1
ဏိုဲ,1
ၚ်ာ,1
ပ္ဍဵ,1
လျိ်ု,1
ထ္တ,1
နာ္အံုး,1
႐ံုး,1
ခ်ိ,1
ၵျ,1
သံုး,1
ၚ့္ခံ,1
ဂ္ကဲာ,1
ဖြေံ,1
ခၟဲာ,1
ဇြာ်,1
နှော၊,1
ချိုး၊,1
စၟ၊၊,1
ရ်္ဂ,1
ရ်္ၑ,1
ရ်္ၑ။,1
ၐါ၊,1
ဗၟော်,1
ဇ္ဖာ,1
ဇ္ဇား,1
ဝ္ဂေ,1
စ္ပ,1
ဏ္စိ,1
တု၃,1
ပ္ဝံ,1
ဒဳု,1
တါဴ,1
ဋိဲ,1
အြ၇။,1
ဟ်ျ,1
က်၈ှ်,1
ဝ္တွံ,1
သ္ၜုဲ,1
လာေ,1
စ၆ု,1
ကောိ,1
ဇ္ဍာ,1
စ္ဋး,1
ပ်၇,1
မ်၇ံ,1
ၚ်၇။,1
ကေော်,1
ကၟိဵု,1
ကုိ,1
ဝ်ျ,1
မဵ,1
လၞုံ,1
ကဵုး,1
ကၠေံံ,1
သ္ဝ်ေ,1
တ္ၚဲဲ,1
ခၞံာ,1
မဳိ,1
ဒီု။,1
ဒ္စံ,1
ကာ်။,1
ဗ္ၜေံ။,1
ပြြ,1
ဗဲ၊,1
ခွာ။,1
လ်ှ,1
နှူး,1
သ္ၚာ၊၊,1
သှ်၊၊,1
တၟံ၊၊,1
ဇြဳ၊၊,1
ဆုံ၊,1
မ်ု,1
တ္တြု,1
ဗ္စ၊၊,1
ပ္ဍ္ဲ,1
ချ်၊၊,1
ကၞဳ။,1
သၞာံ၂၀၂၃။,1
က္အဳ,1
မၠု၊၊,1
ကုေ,1
သီု၊၊,1
ရ္လာ,1
တ္ညာ,1
ဏာံ။,1
ၚ်္ဃ။,1
က္ၐ။,1
ကၠာ်၊,1
တၞို,1
ဥ္စု,1
ည်၊၁၉၈၂,1
ဒ္နာဲ,1
ပဲို,1
ဇ္နး,1
ပ္လ္,1
ဇ်၁၃၄၇,1
တို။,1
ဒ္နော,1
တ္ဃ,1
ဝ၂,1
လေား၊,1
ဉ္ဇံ,1
ဝ်ှေ,1
ကဵု၁၃၃၃၆,1
သ္တြေ,1
ဗဳ။,1
သ္တာ။,1
အ္အး,1
စၞး။,1
သြေဲ။,1
ဇဳု,1
က္ဍ။,1
ဟီ။,1
ခြီ။,1
ၚုဲ။,1
မြံ။,1
ဗျုု,1
က္ၜဴ။,1
သ္ဒး။,1
စၟာ။,1
ကွဴ။,1
လၟ။,1
ဝဴ။,1
ဓါ။,1
စၞာ။,1
ခြ။,1
ဖျာဲ။,1
ထေံ။,1
ပြုဲ။,1
ဇၟၠု,1
ဒွာဲ။,1
တ္ၜုဲ။,1
လွုဲ။,1
နး။,1
ထၟဴ,1
မှဴ။,1
ဟီု၇ော,1
ဒၞဳ။,1
န်ုး,1
ဂြုု,1
ဥ။,1
ဍေဲ။,1
တ္ၜာဲ။,1
လၟာဲ။,1
ဗၠာြ။,1
မဴ။,1
ဿဴ။,1
ဒွီ၊,1
ကၠေဲ၊,1
သ္တဲ,1
ထၞီ,1
က္ၜဲ၊,1
ၚ်၁၃း၃၀,1
ဇော့,1
ဗၠု။,1
တွံ့,1
ခၞော်။,1
န်၄။,1
စၟ။,1
ပ္ပါဲ။,1
မေ့ာ,1
သၟာ။,1
သ္ကေံ။,1
တွူ,1
သ္ကော်,1
ဝံါ,1
ယဲာ,1
ဇွံ,1
ဒှ်ှ်,1
ကၟိ၊,1
က်၈၂၆,1
သ္ဍေ,1
ကေ်,1
ကျာ်ိ,1
ယၟု၇၊,1
ကွူ,1
တ်ုဲ,1
ၚ်္ဒါ,1
ပ္မ,1
ဇ္ဇျ၊,1
ဗ္နော,1
သ္ဇံို,1
ဒ္ၚဵ,1
န်၇။,1
တဳူ,1
မဳဴ,1
ဂၠာြ,1
ဇွိ။,1
က္ထိ,1
ဋ္ဌုံ၊,1
သ္တိ။,1
ယၟး။,1
မ္ၠု,1
သ္ကါ,1
သုိ,1
ဗ္ဒေါံ,1
ဝွံ၇။,1
ဂျာ်,1
ပ္ဍဲ၂၄၊,1
ကြ်,1
ခ္ဍာ်၊,1
ဒွော,1
ဍုံ,1
ၚ်္သေ့,1
တျု၊,1
သှိ။,1
ကိ၊,1
စ္စါ,1
ႅု,1
ဘဳ၁၊,1
ဘဳ၃၊,1
န္အာ,1
ဗ္လို,1
ပ္ဂး,1
လေါ်ျ,1
က္ကေံ,1
ႝော,1
ဗ္ဂုး,1
စ္ကေ,1
ကၟါဲ,1
သ္ၚေဲာ,1
မ္ဘ။,1
ဒြဳ။,1
ကြ္က,1
တျာ၊,1
ဏၞ,1
ကၠံ၅၆,1
ကၠော၊,1
ဂဲါ၊,1
ကၠံ၅၀,1
ဂြီ၊,1
မၞ်၊,1
ကၞေ၄်,1
ဝှေါ့,1
ပေံါ,1
ဃ်၊,1
ဗ်။,1
ရဳ၄၂,1
ဂဵု၊၊,1
ခၟဳ။,1
လဲ့၊,1
ဗၠာဲ၊၊,1
လို့၊,1
ကူး၊,1
နဲး,1
ကြူး,1
အား၊,1
မ့်၊,1
မျှ၊,1
ၚွီ,1
ခဲ့၊,1
တွေ့၊,1
ယျော်၊,1
ထွာ၊,1
ပွဲး,1
ကွဲး,1
ၚွး,1
ဒေ၊၊,1
ကၟူ,1
ဖံ၊၊,1
ခ်၊၊,1
ပ္ဘိ,1
က္ၚု,1
က္ၑေး၊၊,1
ဂ်၊၊,1
မွှ,1
နွံ၅၉၀,1
နွံ၆၉၅,1
ဝှ်၁၃,1
န္ဒိး,1
ဗျော့,1
ဟ်၁၀၊,1
တောဲ၊၊,1
တွောဲ,1
က္ကြော,1
မီု,1
နာ၄,1
န်၁,1
ပိ့,1
မ္ပား,1
မိ့,1
ဧ။,1
ဿီ။,1
ဇိ။,1
သ္နာ။,1
စွာ။,1
ဒွေ။,1
မွေ့၊,1
န္ဒြေ။,1
ကျော်။,1
ခေါ်ေ,1
ျာ,1
ချို့။,1
လျှော်။,1
မှံ။,1
ဂြို။,1
ဆြာ,1
မ္ပါး,1
ပျီ,1
ခ္လေါ,1
စွာ၊,1
ၚ်္လ္,1
မြေ့,1
ဖွံံ,1
မ္ဗာ၂၀၂၀,1
ဇော်၊,1
ညီ၊,1
တူး၊,1
ယ္ယျာ,1
ဍိ။,1
ဎို,1
ဂျ်၊,1
မ္ဒး၊,1
ခၞဴ,1
ဝ္ကီု,1
စ္ဍေ,1
ဋ္ဌွံ,1
ဋ္ဌီု,1
ဗေော်,1
စောဴ,1
ဍျိ,1
ဗြီု၊၊,1
မြာ်။,1
ပ္ဍဲ၂၀,1
နာ၂၅၀၀၊,1
ဟွာ၊,1
ဟ္မဳ၊,1
ဟ္လေ,1
က္ပု,1
တ္ဝံ,1
နိံ။,1
နိံ၊,1
ဒှ်၉၈,1
ကိီု။,1
ဥ္စေ,1
ဗွှဲ,1
န္ဓိိ,1
ၚ်္ခ်,1
ပ္ဍဲး,1
မြိိ,1
ၚိိ,1
စ္တာ,1
စ္တေ,1
ဖျိိ,1
ကြေဲဲ,1
တိိ၊,1
ဟ််။,1
အိုု,1
ထော။,1
ၚး။,1
လီီု,1
မ္ဓး,1
မ္ကဴ,1
က်၅၀,1
ယီို,1
ကါာ,1
ၜောဲ,1
ဖၟု,1
ဟုာဲဲ,1
ဗီီု,1
သဵူ,1
တိုု်,1
ရီီု,1
ဂွိိ,1
ဏ္ဍဲ,1
ဇ််,1
ဒိြ,1
က္ကာ။,1
ဍ္ဎိ၊,1
ပြိို,1
ကဲ၊၊,1
ဖၠီု၊,1
ဖၠာ၊,1
ဖၠံ,1
ဒဵု၊၊,1
အှ်ော,1
ယ္ခ,1
််,1
္္,1
ဲဲ,1
မၠဵု၊၊,1
ပှေ,1
ဒ္လု,1
သ္လော,1
ရၟေ,1
ပ္လေါ,1
ဖ္အေါ,1
ရၟ,1
ကၟး၊၊,1
ပ္ကေါံ,1
ဂှဴ,1
ပိုဲ္ၚေ,1
ဂၞာဲ,1
ဒှ်္က္,1
တုဲိ,1
ပ၊၊,1
စ္ဆာ၊၊,1
ပ္ၚါာ,1
က္ၜး၊၊,1
က္ၜး၊,1
ရ၁၀၊၊,1
တၠ္ၚဳာ,1
ဇ္ၚး၊၊,1
ပှါ,1
ကြှ,1
ဍွး,1
ဟေ့,1
ဃာ့,1
စိုဲ,1
လ္တူး,1
ဂှ်၁၀,1
လံာ,1
ပ်၁၁၁၆,1
န်၉၄,1
ဓ္ဂိ,1
ပျှံ,1
ဂျှး,1
ဒ္ဓာ၊,1
လ္မု,1
န်၅၂,1
ၚဲိ,1
ဖွေ၊,1
က်၅၊,1
က်၂၊,1
က္ဏု,1
က္ဏ,1
က္ဏုဲ,1
ကၟာဲ၊၊,1
တၟး၊၊,1
မော်။,1
နှီုး,1
က္ကော၊၊,1
ၚ်၃၆၇,1
ဝ်၃၈,1
ကဴ၈၃,1
ဂှ်၅၇,1
ၜါ၀ွံ,1
န်၈၈,1
န်၆၄,1
န်၉၁,1
ႅာ။,1
ႅါ၊,1
ဆာ်၊,1
ရာ်။,1
ဂဲါ။,1
ဖဲါ၊,1
နှဲ။,1
မြဲ။,1
ယွာံ၊,1
ရဵု။,1
ဂြုဲ၊,1
ဇွောံ၊,1
ပ္ကီု။,1
တ္ၚီု။,1
ဂံါ။,1
ဒံါ။,1
ဂ္ညော,1
နှီ။,1
ကြော်။,1
ဆော်။,1
ဗၟော်။,1
ဿာဲ၊,1
စၞာံ။,1
ၚ်ွာ,1
တ်၃၁၈,1
ကဵု၂၂,1
ခွေး။,1
ကုီ,1
နေြ,1
ကောံ၇၉,1
ရီ၊၁၆,1
ခ္ဍာ၊,1
ၜီါ,1
ၜဴါ၊,1
ၜဴါ။,1
စ္စး,1
သြေဲ၊,1
ချဴ၊၊,1
ၜေါ်၊,1
တီး၊,1
မွေး၊,1
န္ဒေါ,1
ချ်။,1
၁ံ,1
၁ိ,1
ဒဳိ,1
ဝုဲ၊,1
က်၇,1
ဂ္လာ,1
ဖ္ၚး,1
။း,1
ဗ္ပေ,1
နၠံ,1
ဂ္လ,1
ၐဴ၊၊,1
ၐါဲ,1
ကာ၂၊,1
ဒေဲ၊၊,1
ဆေါ,1
သာ့,1
ကု။။,1
လး၂,1
လး၃,1
ဂၠောံ,1
မ္ဗီ,1
ဋော။,1
ဉ္ဇေ,1
ဓၞော,1
ခြုံ၊,1
န္တေိ,1
ထ္ထာ,1
ဓဲါ၊,1
ညိုဲ,1
ဝေဲါ,1
ကု၂။,1
စှီ,1
ပှ,1
စ္ဍဲး,1
ော်,1
ဝွဲ,1
ပၠော်,1
ဣွ,1
ကာာ,1
န်််,1
ပံံ,1
ကၞောံ,1
ယၟု၀,1
ဂ္ဂဳဳ,1
ဂွုံ,1
ဝ၃။,1
တေၟ,1
ဖဵို,1
အ်၀၀၀,1
ၚ်၀၀၀၀,1
နွံ၁၀၆,1
နာ၃,1
လော၈၊,1
လော၁၁,1
ဇၟီု,1
ၝဵု,1
ၝီု၊,1
လ္ဗံ,1
လ္ၜုဲ,1
န္ဒိ၀ိ,1
ဥဲ,1
တေော,1
ဒၠောံဲ,1
ကၠံံ,1
တၠု်,1
ယြံ,1
ဘာြ,1
ကဵုဵု,1
ဏ္ဏ္,1
ပဴ်,1
ပျ်,1
မၠဳို,1
တ်ါ,1
မ္တီြ,1
ညးွံ,1
သ္ဟို,1
ဝုဲြ,1
ယြာဴ,1
ပ္ပ္,1
တှ၊,1
က္ခိ။,1
ကြေဲ၊,1
ပေဲါ၊၊,1
နေဲ။,1
လ္ဇုဲ။,1
ဇှ်ေ၊၊,1
သြံ၊,1
ဂူ၊၊,1
ပ္အုဲ,1
ဇ္ၚဳ,1
ထုံ။,1
တော၊၊,1
ရ်္တေ,1
သ္ထ္,1
က္အီ၊၊,1
ဒ္ၚေ,1
အ္ဗာ,1
ၚ်္ဂဳ၊၊,1
ရ်္ဝွ,1
တ္ဗိ,1
ရ်္တု,1
က္မာ,1
ဒ္ဂါ,1
ကွေံ၊၊,1
က္သူ။,1
မ်း၊၊,1
ၚ်္ကဳ,1
သူံ,1
ဗ္ဍာဲ,1
ဒ္ဂေေ,1
တိၟ,1
တုဵ,1
ပွွ,1
ဗျုဵ,1
ခေျာဲ,1
တေၞာ,1
ဒေှ်,1
တ္တု။,1
ကေၞာ,1
ဇ္ဇဳဳ,1
ကွုဵ,1
ဒ္,1
ပ္ဍုဵ,1
တ္ဍ,1
ပၟဲ၊,1
တုၠ,1
ဒံၟ,1
ဒၟါဲ,1
ဂေ္ၚ,1
မေၠ,1
သိၞ,1
ကီၟ,1
တွုဵ,1
ဗ္ၜ္,1
လုဵ,1
ဆၞ,1
က္္,1
ဂှ္,1
ဇ္ၚ,1
တူေ,1
ဗ္ဂဴ,1
သ္ဒးေ,1
တ္ဇုံ,1
ဒၟံံ,1
ဒာ,1
ဂွာံ၊,1
ပ္ပာံ၊,1
က္ခာံ၊,1
ဏ္ဏာံ၊,1
တၟဳ,1
ဖၠဴ,1
ခေေ,1
ဝၠ,1
န္တြ,1
ဇၞောံ,1
အီ၊၊,1
တိံ၊၊,1
ကာံ၊၊,1
ကြီု၊၊,1
ဟော၊၊,1
ရ်္ကု၊,1
ရ်္လေား,1
သ္ကြ,1
စွိ,1
ရ်္ဂုး,1
ရ်္သ,1
စ္အး၊,1
ရ်္စူ,1
သ္ဗိ,1
ဇ္လူ,1
ရ်္ဟ,1
သ္လှီ,1
နၟော,1
သ္စး,1
ၝော၊,1
မ္ဂူး,1
ရ်္လ၊,1
တ္ဍု,1
သ္ဒၟော,1
ရ်္နး,1
ရ်္ပူ,1
ရ်္သု,1
သ္ကၞု,1
ဂၟေါ,1
လ္ဟီ,1
က္သး,1
သ္ယာ,1
သ္ဇြူ,1
ၚ်္ကော,1
သ္ဗြိ,1
ရ္ဗိ,1
စ္လာ,1
ရ်္န်,1
ရ်္း,1
ရ်္တံ,1
မၟ၊,1
သ္ကြော,1
သ္ဂိး,1
ဂ္လေါ,1
သ္ဂိး၊,1
သ္တြိ,1
ရ်္သ်,1
ၐြီ၊,1
ရ်္ဗော,1
ၜူး,1
မ္ၚ်္,1
လ္ၜာ,1
ဒော,1
သ္ဗျာ,1
ရ်္တ,1
သျု,1
သ္စြု,1
တူံ,1
မ္လေး၊,1
ည္ဇေ,1
ရ်္န,1
ရ်္စိ,1
ရ်္မၟ၊,1
မေော,1
ရ်္ါ,1
က္ၑီ,1
ရ္ဇုး,1
ရ်္ဂေါး,1
ယျံ။,1
န္တံ။,1
ဂ္ဂံ။,1
က္ခံ။,1
သၞူ။,1
ပွူ။,1
က္ခု။,1
စ္စု။,1
လ္ဂူ။,1
ဆူ။,1
ဒၞါ။,1
ကၟဵု။,1
ဂၠး။,1
မြီ။,1
ဇီ။,1
ဗြီ။,1
ဗျဵု။,1
မဵီ,1
ဖြဳ။,1
ပွး။,1
စ္ဍး။,1
ကၞဳ၊,1
ပၞဴ။,1
ချဴ။,1
ယာ်။,1
ဗာ်။,1
ဖျး၊၊,1
မ္တဴ၊၊,1
မျ၊၊,1
ဋ္ဌှ်,1
ဝ္ဇ,1
က္မ,1
ရ၀ှ်,1
ကြွေ,1
ၚ်္သေ့၊,1
တို၊,1
လွေ၊,1
သိုး၊,1
ဉ့်၊,1
တွား,1
ကို့,1
ဝ၃,1
ဗား၊,1
တြီး,1
လျံ၊,1
ဂျူး၊,1
ဇိုး,1
ဒိုး၊,1
ဟိုး၊,1
ကီး၊,1
န္နား၊,1
ယော့၊,1
အိုး၊,1
န်း၄၀,1
ထွား,1
လှုံ့,1
ဂျို့,1
၏၆၈,1
လူ၁၀၀,1
ဘော့,1
ဘွို,1
ဘာ့,1
ရွို,1
ကေ့,1
ဂါ့,1
လူး၊,1
ချော့,1
ယိုး၊,1
ဘေ့,1
ကၟး။,1
ဒ်၄,1
လ္ဇေ,1
စၟေ,1
ဇ်၁၃၈၅,1
ဂှ်၂၀,1
သၞာံ၁၈၀၀,1
ဗှေ,1
ဇြာ၁၊,1
ၚ်၄၊,1
ဒို၊,1
ဇြုဲ၊,1
ဖျုု,1
မွား,1
ခြး။,1
က်၁,1
ဝွါ,1
ဉ္ဇု,1
မြို၊,1
လ၀,1
မ္လိ၊,1
လေ၀,1
တ္တာ၀,1
သၟိံ။,1
နေ၀,1
ဗ္ဗေ။,1
ဏျာ,1
မာ၀။,1
ရံ့,1
ညဳ၊၊,1
သ္သံ,1
လှေ။,1
န္ဒ၊၊,1
နွံ၂,1
နွံ၃၁၂,1
ရွံ့,1
မၠး။,1
လ္စုဲ,1
ၑဳ,1
ဝျာ,1
ေါ,1
စြး,1
ဒ္ကေါ,1
လောဴ,1
တြဲာ,1
သိၟု,1
သျှော,1
သျှေ,1
ခၞေု,1
ဗိၠု,1
ဒှာဲ,1
ဒဳ၅၅၀,1
ပ္ပါး,1
တ်။။,1
ကိိုး,1
နာံ၂၄,1
ဋ္ဌ်၊,1
မၠီ,1
ဝှ်၈,1
ၛှော,1
တ်၂၁၀၀,1
သၞာံ၁၈၈၁,1
သၞာံ၁၈၈၆,1
ၚ်္ခာ,1
က္အဵု,1
ဗၟာ၀,1
ပၠေဲ၊,1
ဟ်ို,1
ဒၞူ,1
ကွေဴ,1
ဖၞး,1
ယြိ,1
ဗ္ဍါ,1
ကါး,1
ဒ္စါဲ,1
ပ္လောံ,1
ဝ်ု,1
စ္ဇ,1
ဝြ၊,1
သ္ဘဴ။,1
ဖေါ်၊,1
က်၈,1
ယျ၆ု,1
ဇ္ပါဲ,1
မ္ဗာ။,1
ပ္ပံ။,1
ကျုဲ,1
ကောု,1
ပ္ဍဲ၁၉၄၆,1
စှ,1
ပ္ဍဲေ,1
ပ္ဍဲ၁၉၄၈,1
ဏံ၁၉၅၈,1
ပ္ဍဲ၁၉၆၁၊,1
ကြို့,1
ဟာ၇,1
ရိုး၊,1
ဉ္ဇျာ,1
ပၞေံ,1
ဂှ္ၚ။,1
ဟၠေ,1
အ္ထ,1
သ္ၜ,1
ၜှော်,1
ၚ္ၚာဲ၊,1
စဳ၊၊,1
န္ဒာ၊၊,1
န္နာ၊၊,1
ဃာ၊၊,1
ခၟ၊၊,1
ဆာဲ၊၊,1
အဵု၊၊,1
ကွာဲ၊၊,1
ဂဴ၊၊,1
တှ်၊၊,1
ကွဳ၊၊,1
ကြဴ၊၊,1
ခၟ၆,1
ခွ၊,1
မျှေ,1
ခွာဲ,1
ၚ်္ဖေါ,1
ဏ္ဌု,1
ၑာ,1
တ္ဇု၊,1
ဇြဲ၊၊,1
မ္မဴ၊,1
နိ၊၊,1
နူ၆,1
နူ၈,1
နူ၃,1
ကဵု၃၆,1
ပ်၈,1
ပ်၁,1
ပ်၃,1
ဍဳ၃၆,1
ပ်၆,1
ဝ္ၚဲ,1
ဟ််၊,1
ဗြိို,1
ဗိိ,1
ၚ်ၟာ,1
ၜါိ,1
ထၞာဲ,1
သ္ဍာံံ,1
သ္ဇံ,1
အၟ,1
တၟဲ,1
အိူ,1
န္ဒြံ၊,1
ဂၠောဲ။,1
အဴဴ,1
ဂၠိိ၊,1
ဝိို,1
ဠိို,1
ဖၟာ,1
ကိာ,1
ဠး၊,1
ဂျိူ,1
နုူ,1
ဩဴ၊,1
သ္ဂောံ၊,1
ဿ္ၚိ,1
ယျု၊,1
တၠေ,1
ဗိဵု,1
ပၠါဲ,1
ကၞို,1
ုး,1
တ္ၜောံ,1
ဂ္တဴ,1
ဗ္တော၊,1
ဇေ။,1
ဒ္ဒာံ,1
န္ဓော၊,1
ဟၟြ,1
စၟဴ,1
စ္,1
ခ္ဍဵု,1
ယၟဲ,1
ဝ္သု,1
ဝဳဳံ,1
တ္ထုံ,1
ညော။,1
ဏှိ။,1
ဗၠူ,1
ထေ။,1
စ္ဍာံ,1
လ္ဝူ,1
သ္တံ,1
ယါံ,1
သ္ဘုံ,1
မ္ဒဳ,1
ဝ္ပိ,1
သ္ၚဵု,1
မ္ၚုဲ,1
ပ္ဖံ၊,1
ဍြ,1
ဗၞာံ၊,1
ဒွိ၊,1
ဏှာဲ,1
ဒ္နူ,1
သ္ဂောံြ,1
တၠံ,1
ဏှေ၊,1
ဝ်ာံ,1
ဒှ္တဴ,1
ဇြီု,1
န်ၠ,1
တျာဲ,1
ဇ္ၚာဲ,1
လှဳ,1
ဘူ၊,1
နေံ။,1
ဒ္ဇံ,1
က္ဇ,1
ဖျေဲ၊,1
သၟောံ,1
စ္ဆုံ၊,1
ထံ။,1
စှော,1
ဇြော်,1
ကောေ,1
မ္ဂူ,1
ဿိ၊,1
ဂိံ,1
နေု,1
ဇ္ဇျိံ,1
ဇ္ဇိ၊,1
ပိုူ,1
သွေ၊,1
ဏ္ဏာ။,1
က်််,1
နၟံ,1
ဂွာဲ။,1
သှိ၊,1
သွောံ။,1
ဿာံ၊,1
မြဵု။,1
တြောံ,1
မြောံ၊,1
စၠး၊,1
မၠေဲ,1
တၠောံ,1
က္အီ၊,1
ဂ္အီ,1
မ္အီ၊,1
ႝား,1
ယ၀,1
မၠုံ,1
တ္ဍေ,1
ဉ္ဇဲ,1
တ်၀,1
ဂၠေါ်၊,1
မၠော်၊,1
ဂ၀။,1
သွောံ၊,1
ႝး,1
ၚ်၀၊,1
ဇၠို,1
ဇၠေံ၊,1
နှ်။,1
ဒွါ၀,1
ဒြံ၊,1
မြး၊,1
ပ္ဍူ၊,1
ဖြာဲ,1
ဖ္အာ၊,1
မ္ၚဲ၊,1
ချှေ,1
ဝှဲါ,1
ကွ။,1
ပြ၀,1
တှော၊,1
ဒ္ဒံ၊,1
မ္ၚဳ,1
ဆွာ။,1
န္အု,1
တၠောံ၊,1
ရှော်,1
က္အော,1
ဂ္အေါ,1
မြေဲ၊,1
မၠာံ,1
ဂၠီု၊,1
ဒၠီု,1
မောဲ။,1
ဂ၀၊,1
ရ္ဇု,1
ဂၞေါ်,1
ဂွဲါ။,1
စ္ဆ၊,1
မ္စးး,1
မ္စာ,1
ချာ်,1
မ္စာဲ။,1
မ္စဳ,1
မ္စဴ,1
မ္စု,1
မ္စေ,1
မ္ဆော,1
ဒေ၀၊,1
မ္စော,1
ဗ္စော,1
မ္ဇော,1
မျာ်,1
မ္ဇဳ,1
မ္ဇု,1
သ္ဂိး။,1
မ္ဇူ,1
ဗျဲ,1
မ္ဇဲ,1
မ္ဇး,1
မ္ဇာ,1
မ္ဇီ,1
မ္ဇဵု,1
ကြေဲ။,1
အ၀။,1
တ္ၚဲ၀,1
မ္မု၊,1
ဟောဲ၊,1
ထီု။,1
အူ။,1
သ္ဒး၊,1
တ္ထ၀,1
ပ်၁၆,1
ဒျောံ,1
တဴ၊။,1
က္ဍာံ,1
မျု၊,1
မျု။,1
တွဳ။,1
ဇၞော်ေ,1
တ္တ၀,1
ကၞုဲ။,1
ပၞီ။,1
စၟာ်။,1
နာ၀,1
ဗြး။,1
သူ၀။,1
ဝိ၀,1
ခ၀,1
ဂ္လိ,1
သုံ၀,1
သ္ဒီု။,1
သ္အို,1
ကြာဲ၊,1
ဇဳ၀,1
ပ္တုဲ၊,1
ဗ္ၚိ,1
မၞော်။,1
ဠိ၀,1
က္က၀,1
လၟီ,1
သၟာ်။,1
သ္သာ,1
တ္ၜဴ။,1
ပၞး။,1
တ္ထု၀,1
ဗျာ၀,1
တိ၀,1
ဿေ၀,1
ပ္ပော,1
ဠာ၊၊,1
လျံ,1
ပ္ၚာ။,1
ဂြုး,1
တဳ်,1
ကၟဴ,1
ဂ္ၚ်ေ,1
ကေုာဲ,1
ဇ္မာ,1
ၚာိ,1
ထ္စး,1
မြဲာ,1
ၚ်၇,1
ဝ္ဇု,1
အာ၇၊,1
ဩွဲ,1
ဖှ်။,1
ပေံ,1
ကီူ,1
မ၃ၠို,1
ဿ္ပ,1
ယွံေ,1
တါံ,1
မ္ဒး၇း,1
ၝောဴ,1
ရေော,1
ပ္တိ၊,1
ၚာံ,1
ကွိို,1
သ္ဇိို,1
ပၠေါ,1
သူာ်,1
ဩောံ။,1
ကျု။,1
ဇှ်ေ။,1
ဂိို,1
ရၠို,1
မၞဴု,1
သၠဴ,1
ဓိိ၊,1
ဂ္ညိိ,1
လ္တ၊,1
ထ္ၜောံ၊,1
ဇၞော််၊,1
ဗော််၊,1
တ််။,1
ဂျိို,1
စျ၊,1
ဏီိ,1
တ််််,1
ကီို။,1
ဗိီု,1
ပ်််,1
ဇ္က,1
ရွံ,1
ခၟါဲ,1
သ္မး,1
က္ကော်,1
နာ၂၅၀၀။,1
ပ္ဒေါ,1
ၚဲ၊,1
သွေး၊,1
တ္ၚဲ၁၅,1
တ်၂၀၀၈,1
ဗျူး,1
ဖို့၊၊,1
သိ့,1
ပေါ့၊၊,1
အုဲ။,1
နာ၉၀၀,1
ဟ္မီ,1
နာ၂၀၀,1
တ်၁၁၁၃,1
တ်၆၀၀,1
ရုံး၊,1
ဍ္ို,1
ပၠာံ၊,1
ဠ။,1
ဌ္ဋ,1
ဖိ့ု,1
ၚ်၁၅၊,1
ဌေး။,1
ဖျဲ,1
ရှ်ေေ,1
တံ၇။,1
ၛောံ,1
ထိို,1
ဠါဲ,1
သၠဵု,1
ဿွဵု,1
ဓါံ,1
သ္ဂောံ။,1
မျိုု,1
လျုး,1
ပြဵ,1
ဌံ။,1
ဋ္ဌော။,1
ဋ္ဌံ။,1
စ္ၚာ,1
ဿော။,1
နှု။,1
ကၟု။,1
မ္ဗု။,1
ၛဳ။,1
ဂွါံ။,1
မ္ဘော။,1
ဏ္ဍူ,1
မ္ဘော၊,1
ခ္ဍာ်။,1
မှိိ,1
က္ဍီု။,1
မှဲ။,1
န္ဓော။,1
ဂွီု။,1
ဗ္ဘော။,1
ဋိိ,1
စ္စော။,1
မၠိိ။,1
မ္ပါ။,1
ထဲ။,1
မၠ။,1
ဏဲ,1
ချီု။,1
ပ္ကီီု,1
ထိိ,1
သ္ပိို,1
သ္အာာ,1
ဗ္ဓး,1
ဗၠိို,1
လော််,1
က္ခိိ။,1
ဖာ်။,1
တၞး၊၊,1
က်၅၂,1
က္ဏာ,1
ဖွေံ့,1
မ္ၚး၃,1
ပေါ္ဲ,1
ပို္ဲ,1
ပြီ၊,1
ဖိုံ,1
စိုံ,1
ဒိုံ,1
သ္မံ,1
ကျွေး,1
ထ္ထိ,1
ၚ်ၠ၊,1
ပၠ်,1
ြုံ,1
ဟ်ာ,1
လ်ဵု,1
ကြဴာ,1
တၠဳ၊,1
ဍိ်,1
တ်ွဲ,1
ဆၞု,1
ဂ၅,1
ဇ္စျိ၊,1
လ္ပာဲ,1
ကျေ၊,1
ဂြီ။,1
တြိေ,1
ဂေါး။,1
ည္စိ,1
ပူး။,1
ရှား၊,1
ခဲ့။,1
ဗျာ့,1
မှု့,1
ဖြေ၊,1
ဘူး၊၊,1
ဂ္ဂာ,1
ဗ္ဂုဲ,1
ဝ္ဆ,1
န္ဃ,1
ရ်ေ,1
သ္မိ၊,1
ကၠာ၇၊,1
ဗၠူ၊,1
သြ်,1
မ္ဓ,1
ပ္ကံ,1
ဝ္ၚော,1
စါဲ,1
ကေော,1
ဗ္ၚး,1
ဒေဳ၊,1
ဗၞေံ,1
ဒေံါၠ,1
ၚိ၊,1
ဍာိ,1
န်၁၅၉,1
ပ္ဒါ,1
ဋ္ဌ၃,1
ၚ္ဂ။,1
ၚ္ၚ။,1
ဝျ်,1
ဗ္တီ၊,1
ပ္ဘါ၊,1
ဇ္ဇျီု၊,1
ၛှ,1
သ္မ၊,1
ဇ္ဖဳ၊,1
တ္ၜဲ,1
က္ဃာ,1
မျး,1
ဇ္ဖ၊,1
ပါ၀ဲ,1
ဏ္ဍု၊,1
ဗၠာ၊,1
က္ဍဵု,1
ဂ္ဒ,1
ဗ္ဒ၊,1
ဗံ၊,1
မၠံ၊,1
ဓောံ၊,1
လွဵု၊,1
ခး၊,1
ဇျှီု၊,1
မှော၊,1
နြ္ဒ,1
ပ္ပါ၀,1
ပြဴ၊,1
ဇာံ၊,1
ခါံ၊,1
ဘာံ၊,1
ဗှ၊,1
ဒိေ,1
န္ဒာဲ,1
ဟဲ၊၊,1
နြ္ဒး၊,1
ဏ္ဏဳိ,1
ဒၞါဲ၀ါဲ၊,1
နှု၊,1
သ္ဂုဲ၊,1
ဗ္ဗျ,1
သ္တဳ၊,1
သြော်၊,1
ဓုံ၊,1
ပၠး၊,1
ဂုဲ၊,1
ဂြဴ၊,1
လ္ပောဲ,1
ပ္ပဵု၊,1
လဳိ,1
ဇၞော်္ၚှာ,1
နြ္ဒာ,1
ဝှ၊,1
က်္ၚှာ,1
သၞး၊,1
လ္ဗာ,1
ဏော်၊,1
တိ၀ု,1
ပၠေ၊,1
တ္တျု,1
စ္ဆို,1
စှ်ေု,1
ဆံ၊,1
မှဴ၊,1
တ်ိ၊,1
ပ္ပါဲ၀,1
ခၠေါ,1
ဂျိ၊၊,1
လှေံ၊,1
ဆေံ၊,1
ဇောံ၊,1
မြ၊၊,1
ဂါဲ၀ါဲ၊,1
ဇိ၀ါ၊,1
ႇာ၊,1
ၜါ၀ါ၊,1
စီု၊,1
အ္ၚာ၊,1
သွာ်၊,1
ဒွါ်၊,1
ခြ၊,1
ကၟု၊,1
န္ဒြာံ၊,1
ၚ်၁၈,1
ထူး။,1
န်ံ၊,1
ဖောံ,1
ဏ္ှာ,1
ကြဳး,1
ပုံ။,1
အှ်ေ၊,1
ဏ်ှ်,1
တၞီ။,1
ဆဵ၊,1
ဏှ်။,1
ဗြုံ၊,1
ညျာ,1
တ်ုး,1
ပါြ,1
ခၞဳ။,1
လ္ပါဲ,1
ဆ၆ု,1
ဓုဲ၊,1
ကဵု၁ာ,1
ကျောဲ,1
ကျောဲ။,1
ပျ်၊,1
ဂျီ၊,1
ဇြဴ၊,1
အိ၊,1
အော၊,1
စေဲာ,1
ကြာ၁၃,1
ဏ္ဋု,1
န္ဇော,1
ဗ္ကါံ,1
ပၟဴ,1
ယါဲ,1
ဒၟာဲ,1
တၟၠံ,1
နူ၁၉၉၅,1
ဇျှ။,1
ဋ။,1
ဝှဳ,1
လှာဲာ,1
ဏေ်,1
ဍာဲ့,1
ဝ်၂,1
ၚာဲ့,1
ခေျ,1
ကၠုိ,1
က်ၞ,1
မှာ၊၊,1
ဂျုံး,1
ဍဳ၊၊,1
ဟာ်၊၊,1
ယျုံ၊,1
ယှ။,1
သ္ဟီု,1
သ္ကံာ,1
ည်း၊၊,1
လုံ့,1
ယၟု၊၊,1
ဝ၄၊၊,1
ကျွှေး,1
စား၊၊,1
ဝ၇၊၊,1
ၚ့်၊၊,1
တ်၁၈၈၄,1
လူ့၊,1
ည့်။,1
မၞေံ,1
ကောဲ၊,1
ပ္စဲ,1
လ္အေ,1
မွဳဲ,1
ပှော်။,1
ရိုံ,1
ဗ္တံ။,1
အ္အာ,1
တေဴ။,1
ဗၟဲ,1
အြာ,1
တ္ၜံ,1
သေဴ,1
လ္ပာါ,1
လ္ဇော,1
ဇ္ဇျာဲ။,1
သ္ဂောဲ,1
တေဴ၊,1
တ္တြာ,1
တွဲ့,1
သာာ,1
အံံ,1
သၞာံ၊၁၃၇၆,1
ဋ္ဌဳ။,1
ကၟာ၀,1
ၚ္ၚိဲ,1
က်၈၄,1
က္ခာ၆၄,1
လွ၊,1
ထ္ဗး,1
ကၠာ၂,1
အိုဲ။,1
ၢ်,1
လ့,1
သ္ဍီ,1
တ္ကဲ၊,1
ပို၊,1
ဏဴဳ,1
ယူ၊၊,1
ၚ်၁၈၀,1
ဂၞ၊,1
သၞာံ၁၃၈၂,1
ပြု။,1
ဟောံ။,1
ဖ္အုံ,1
လ္သာ,1
ထွိ,1
သ္နာံ၊,1
တ္ၚဲ၆၊,1
ခြဳ၊,1
ဗ္ဂု,1
တၞဲ,1
စာဲ။,1
ရွာ။,1
သ္ၚိ၀,1
မှေံ,1
ရး၀,1
ဂ်ို,1
သ္ဘဴ၊,1
လ္မာ်,1
မ္ကိ,1
လ္မော၊,1
လ္မိ,1
တ္မေ,1
က်၉၃၊,1
မွ္ဲ,1
မြေ့၊,1
ဒ္ဓိံ,1
န္တိံ၊,1
ဠှေ,1
မှိ။,1
မှေ။,1
သ္မိံ။,1
ပေါ။,1
ယျုံ။,1
မ္မော။,1
တ္တိံ။,1
တ္ထာ။,1
ဟာ၀ဳ,1
န္ဓူ,1
ဋ္ဎာ,1
ဋ္ဎ,1
ၚ်္ဂေ၊,1
ပံ။,1
စ္စိံ,1
သၞာံ၁၉၄၇,1
ဟ်၄,1
နာဲဲ,1
ၚ္ၚိုဲ၊,1
န်၉၂၀,1
ရေ်,1
ရာာ,1
အၞော,1
မွဴ,1
တ်၂၀၂၄။,1
တ်၄၀,1
သၞာံ၂၀၂၄၊,1
ဇိုါ်ျါ်ု,1
ဍုါ်ျ,1
ပါံ်ျ,1
ဂါံ်ျ,1
အ်၄,1
ပၠဳု,1
ရှဴ,1
သြ၀ါ,1
ည်ိ,1
ပ်၀်,1
ယ၀်,1
ထ္ဓး,1
သၟ၀်,1
ထ၀်,1
အ၀ဵု,1
ကၟ၀်,1
သေ၀,1
က၀ါ်,1
